"Timestamp","File","LineNumber","Victim","Killer","Weapon","RawLine"
"2025-09-03T00:46:29.366Z","C:\Program Files\Roberts Space Industries\StarCitizen\LIVE\logbackups\Game Build(10147769) 02 Sep 25 (15 35 28).log","10978","Lt_Crosby","Lt_Crosby","Lt_Crosby","<2025-09-03T00:46:29.366Z> [Notice] <Actor Death> CActor::Kill: 'Lt_Crosby' [5566542605615] in zone 'layout_int_transit_001' killed by 'Lt_Crosby' [5566542605615] using 'Lt_Crosby' [Class Player] with damage type 'Suicide' from direction x: 0.000000, y: 0.000000, z: 0.000000 [Team_ActorTech][Actor]"
"2025-09-03T04:08:47.446Z","C:\Program Files\Roberts Space Industries\StarCitizen\LIVE\logbackups\Game Build(10147769) 02 Sep 25 (15 35 28).log","39358","Lt_Crosby","Norzec","KLWE_LaserRepeater_S3_5878653208784","<2025-09-03T04:08:47.446Z> [Notice] <Actor Death> CActor::Kill: 'Lt_Crosby' [5566542605615] in zone 'RSI_Constellation_Andromeda_5871814934035' killed by 'Norzec' [204269883318] using 'KLWE_LaserRepeater_S3_5878653208784' [Class unknown] with damage type 'VehicleDestruction' from direction x: 0.000000, y: 0.000000, z: 0.000000 [Team_ActorTech][Actor]"
"2025-08-31T03:36:16.682Z","C:\Program Files\Roberts Space Industries\StarCitizen\LIVE\logbackups\Game Build(10147769) 30 Aug 25 (16 58 11).log","26197","Lt_Crosby","PU_Pilots-Human-Criminal-Pilot_Light_5838409727551","unknown","<2025-08-31T03:36:16.682Z> [Notice] <Actor Death> CActor::Kill: 'Lt_Crosby' [5566542605615] in zone 'ANVL_Hornet_F7A_Mk1_5822083386899' killed by 'PU_Pilots-Human-Criminal-Pilot_Light_5838409727551' [5838409727551] using 'unknown' [Class unknown] with damage type 'Crash' from direction x: 0.000000, y: 0.000000, z: 0.000000 [Team_ActorTech][Actor]"
"2025-08-31T04:15:42.515Z","C:\Program Files\Roberts Space Industries\StarCitizen\LIVE\logbackups\Game Build(10147769) 30 Aug 25 (16 58 11).log","29294","Lt_Crosby","Hazard_Pit","Hazard_Pit","<2025-08-31T04:15:42.515Z> [Notice] <Actor Death> CActor::Kill: 'Lt_Crosby' [5566542605615] in zone 'layout_int_power_001' killed by 'Hazard_Pit' [5745004878405] using 'Hazard_Pit' [Class unknown] with damage type 'Hazard' from direction x: 0.000000, y: 0.000000, z: 0.000000 [Team_ActorTech][Actor]"
"2025-09-04T05:52:01.799Z","C:\Program Files\Roberts Space Industries\StarCitizen\LIVE\logbackups\Game Build(10188864) 03 Sep 25 (20 07 24).log","9782","Lt_Crosby","unknown","unknown","<2025-09-04T05:52:01.799Z> [Notice] <Actor Death> CActor::Kill: 'Lt_Crosby' [5566542605615] in zone 'SolarSystem_5902863053767' killed by 'unknown' [0] using 'unknown' [Class unknown] with damage type 'BleedOut' from direction x: 0.000000, y: 0.000000, z: 0.000000 [Team_ActorTech][Actor]"
"2025-09-04T06:16:34.878Z","C:\Program Files\Roberts Space Industries\StarCitizen\LIVE\logbackups\Game Build(10188864) 03 Sep 25 (20 07 24).log","11516","Lt_Crosby","GreenEyedGh0st","KLWE_LaserRepeater_S3_5910065470362","<2025-09-04T06:16:34.878Z> [Notice] <Actor Death> CActor::Kill: 'Lt_Crosby' [5566542605615] in zone 'ANVL_Hornet_F7A_Mk1_5903768817706' killed by 'GreenEyedGh0st' [202028777268] using 'KLWE_LaserRepeater_S3_5910065470362' [Class unknown] with damage type 'VehicleDestruction' from direction x: 0.000000, y: 0.000000, z: 0.000000 [Team_ActorTech][Actor]"
"2025-09-04T06:40:32.630Z","C:\Program Files\Roberts Space Industries\StarCitizen\LIVE\logbackups\Game Build(10188864) 03 Sep 25 (20 07 24).log","12654","Lt_Crosby","Lt_Crosby","unknown","<2025-09-04T06:40:32.630Z> [Notice] <Actor Death> CActor::Kill: 'Lt_Crosby' [5566542605615] in zone 'ANVL_Arrow_5903768876994' killed by 'Lt_Crosby' [5566542605615] using 'unknown' [Class unknown] with damage type 'Crash' from direction x: 0.000000, y: 0.000000, z: 0.000000 [Team_ActorTech][Actor]"
"2025-09-05T06:32:50.984Z","C:\Program Files\Roberts Space Industries\StarCitizen\LIVE\logbackups\Game Build(10188864) 04 Sep 25 (19 20 52).log","16412","Lt_Crosby","Lt_Crosby","unknown","<2025-09-05T06:32:50.984Z> [Notice] <Actor Death> CActor::Kill: 'Lt_Crosby' [5566542605615] in zone 'ANVL_Arrow_5925427393479' killed by 'Lt_Crosby' [5566542605615] using 'unknown' [Class unknown] with damage type 'Crash' from direction x: 0.000000, y: 0.000000, z: 0.000000 [Team_ActorTech][Actor]"
"2025-09-06T18:22:14.008Z","C:\Program Files\Roberts Space Industries\StarCitizen\LIVE\logbackups\Game Build(10188864) 06 Sep 25 (10 39 28).log","3292","Lt_Crosby","Lt_Crosby","unknown","<2025-09-06T18:22:14.008Z> [Notice] <Actor Death> CActor::Kill: 'Lt_Crosby' [5566542605615] in zone 'DRAK_Cutlass_Red_5935447222170' killed by 'Lt_Crosby' [5566542605615] using 'unknown' [Class unknown] with damage type 'Crash' from direction x: 0.000000, y: 0.000000, z: 0.000000 [Team_ActorTech][Actor]"
"2025-09-07T20:19:25.883Z","C:\Program Files\Roberts Space Industries\StarCitizen\LIVE\logbackups\Game Build(10188864) 07 Sep 25 (12 53 59).log","3015","Lt_Crosby","Lt_Crosby","Cargo_ShipMining_Pod_Prospector_5965757887088","<2025-09-07T20:19:25.883Z> [Notice] <Actor Death> CActor::Kill: 'Lt_Crosby' [5566542605615] in zone 'ANVL_Hornet_F7A_Mk1_5973011129387' killed by 'Lt_Crosby' [5566542605615] using 'Cargo_ShipMining_Pod_Prospector_5965757887088' [Class unknown] with damage type 'Crash' from direction x: 0.000000, y: 0.000000, z: 0.000000 [Team_ActorTech][Actor]"
"2025-09-07T20:24:53.334Z","C:\Program Files\Roberts Space Industries\StarCitizen\LIVE\logbackups\Game Build(10188864) 07 Sep 25 (13 21 16).log","1207","Lt_Crosby","Lt_Crosby","Lt_Crosby","<2025-09-07T20:24:53.334Z> [Notice] <Actor Death> CActor::Kill: 'Lt_Crosby' [5566542605615] in zone 'lorville_l19_int' killed by 'Lt_Crosby' [5566542605615] using 'Lt_Crosby' [Class Player] with damage type 'Suicide' from direction x: 0.000000, y: 0.000000, z: 0.000000 [Team_ActorTech][Actor]"
"2025-09-07T21:36:56.180Z","C:\Program Files\Roberts Space Industries\StarCitizen\LIVE\logbackups\Game Build(10188864) 07 Sep 25 (13 21 16).log","8410","Lt_Crosby","Lt_Crosby","Lt_Crosby","<2025-09-07T21:36:56.180Z> [Notice] <Actor Death> CActor::Kill: 'Lt_Crosby' [5566542605615] in zone 'util_a_orbital_001_occu_a_final-001' killed by 'Lt_Crosby' [5566542605615] using 'Lt_Crosby' [Class Player] with damage type 'Suicide' from direction x: 0.000000, y: 0.000000, z: 0.000000 [Team_ActorTech][Actor]"
"2025-09-07T21:39:07.487Z","C:\Program Files\Roberts Space Industries\StarCitizen\LIVE\logbackups\Game Build(10188864) 07 Sep 25 (13 21 16).log","8935","Lt_Crosby","Lt_Crosby","Lt_Crosby","<2025-09-07T21:39:07.487Z> [Notice] <Actor Death> CActor::Kill: 'Lt_Crosby' [5566542605615] in zone 'lorville_l19_int' killed by 'Lt_Crosby' [5566542605615] using 'Lt_Crosby' [Class Player] with damage type 'Suicide' from direction x: 0.000000, y: 0.000000, z: 0.000000 [Team_ActorTech][Actor]"
"2025-09-09T20:44:17.639Z","C:\Program Files\Roberts Space Industries\StarCitizen\LIVE\logbackups\Game Build(10188864) 09 Sep 25 (13 08 32).log","4314","Lt_Crosby","SCItem_Debris_6004575228032_MRAI_Guardian_QI_6002354403408","unknown","<2025-09-09T20:44:17.639Z> [Notice] <Actor Death> CActor::Kill: 'Lt_Crosby' [5566542605615] in zone 'ANVL_Hornet_F7A_Mk1_6004575171224' killed by 'SCItem_Debris_6004575228032_MRAI_Guardian_QI_6002354403408' [6004575228032] using 'unknown' [Class unknown] with damage type 'Crash' from direction x: 0.000000, y: 0.000000, z: 0.000000 [Team_ActorTech][Actor]"
"2025-09-16T06:57:59.777Z","C:\Program Files\Roberts Space Industries\StarCitizen\LIVE\logbackups\Game Build(10188864) 15 Sep 25 (19 44 49).log","7015","Lt_Crosby","Lt_Crosby","HRST_Nova_BallisticCannon_S5_6101167534320","<2025-09-16T06:57:59.777Z> [Notice] <Actor Death> CActor::Kill: 'Lt_Crosby' [5566542605615] in zone 'TMBL_Nova_6101167534276' killed by 'Lt_Crosby' [5566542605615] using 'HRST_Nova_BallisticCannon_S5_6101167534320' [Class unknown] with damage type 'VehicleDestruction' from direction x: 0.000000, y: 0.000000, z: 0.000000 [Team_ActorTech][Actor]"
"2025-09-18T06:35:07.580Z","C:\Program Files\Roberts Space Industries\StarCitizen\LIVE\logbackups\Game Build(10188864) 17 Sep 25 (20 07 30).log","13852","Lt_Crosby","Lt_Crosby","Lt_Crosby","<2025-09-18T06:35:07.580Z> [Notice] <Actor Death> CActor::Kill: 'Lt_Crosby' [5566542605615] in zone 'Hangar_XLTop_Lorville_6137174433069' killed by 'Lt_Crosby' [5566542605615] using 'Lt_Crosby' [Class Player] with damage type 'Suicide' from direction x: 0.000000, y: 0.000000, z: 0.000000 [Team_ActorTech][Actor]"
"2025-09-19T19:45:02.557Z","C:\Program Files\Roberts Space Industries\StarCitizen\LIVE\logbackups\Game Build(10275505) 19 Sep 25 (12 22 51).log","1836","Lt_Crosby","Lt_Crosby","unknown","<2025-09-19T19:45:02.557Z> [Notice] <Actor Death> CActor::Kill: 'Lt_Crosby' [5566542605615] in zone 'AEGS_Redeemer_6156052736823' killed by 'Lt_Crosby' [5566542605615] using 'unknown' [Class unknown] with damage type 'Crash' from direction x: 0.000000, y: 0.000000, z: 0.000000 [Team_ActorTech][Actor]"
"2025-09-20T03:30:25.672Z","C:\Program Files\Roberts Space Industries\StarCitizen\LIVE\logbackups\Game Build(10275505) 19 Sep 25 (17 41 56).log","9128","Lt_Crosby","Lt_Crosby","Lt_Crosby","<2025-09-20T03:30:25.672Z> [Notice] <Actor Death> CActor::Kill: 'Lt_Crosby' [5566542605615] in zone 'P3_L5' killed by 'Lt_Crosby' [5566542605615] using 'Lt_Crosby' [Class Player] with damage type 'Suicide' from direction x: 0.000000, y: 0.000000, z: 0.000000 [Team_ActorTech][Actor]"
"2025-09-20T04:41:02.043Z","C:\Program Files\Roberts Space Industries\StarCitizen\LIVE\logbackups\Game Build(10275505) 19 Sep 25 (17 41 56).log","11975","Lt_Crosby","Lt_Crosby","Lt_Crosby","<2025-09-20T04:41:02.043Z> [Notice] <Actor Death> CActor::Kill: 'Lt_Crosby' [5566542605615] in zone 'p2l4_contestedzone' killed by 'Lt_Crosby' [5566542605615] using 'Lt_Crosby' [Class Player] with damage type 'Suicide' from direction x: 0.000000, y: 0.000000, z: 0.000000 [Team_ActorTech][Actor]"
"2025-09-20T05:23:53.667Z","C:\Program Files\Roberts Space Industries\StarCitizen\LIVE\logbackups\Game Build(10275505) 19 Sep 25 (17 41 56).log","16698","Lt_Crosby","TheOnlyDurge","behr_rifle_ballistic_02_civilian_black01_6152234129873","<2025-09-20T05:23:53.667Z> [Notice] <Actor Death> CActor::Kill: 'Lt_Crosby' [5566542605615] in zone 'rs_cz_rewards_001' killed by 'TheOnlyDurge' [3659022226607] using 'behr_rifle_ballistic_02_civilian_black01_6152234129873' [Class behr_rifle_ballistic_02_civilian_black01] with damage type 'Bullet' from direction x: -0.245482, y: -0.967525, z: -0.060288 [Team_ActorTech][Actor]"
"2025-09-20T05:49:28.370Z","C:\Program Files\Roberts Space Industries\StarCitizen\LIVE\logbackups\Game Build(10275505) 19 Sep 25 (17 41 56).log","18651","Lt_Crosby","Lt_Crosby","Lt_Crosby","<2025-09-20T05:49:28.370Z> [Notice] <Actor Death> CActor::Kill: 'Lt_Crosby' [5566542605615] in zone 'p2l4_contestedzone' killed by 'Lt_Crosby' [5566542605615] using 'Lt_Crosby' [Class Player] with damage type 'Suicide' from direction x: 0.000000, y: 0.000000, z: 0.000000 [Team_ActorTech][Actor]"
"2025-09-20T18:43:10.433Z","C:\Program Files\Roberts Space Industries\StarCitizen\LIVE\logbackups\Game Build(10275505) 20 Sep 25 (11 39 18).log","1092","Lt_Crosby","Lt_Crosby","Lt_Crosby","<2025-09-20T18:43:10.433Z> [Notice] <Actor Death> CActor::Kill: 'Lt_Crosby' [5566542605615] in zone 'rs_int_p2l4' killed by 'Lt_Crosby' [5566542605615] using 'Lt_Crosby' [Class Player] with damage type 'Suicide' from direction x: 0.000000, y: 0.000000, z: 0.000000 [Team_ActorTech][Actor]"
"2025-09-21T14:31:19.049Z","C:\Program Files\Roberts Space Industries\StarCitizen\LIVE\logbackups\Game Build(10275505) 21 Sep 25 (07 15 18).log","1864","Lt_Crosby","Lt_Crosby","unknown","<2025-09-21T14:31:19.049Z> [Notice] <Actor Death> CActor::Kill: 'Lt_Crosby' [5566542605615] in zone 'GAMA_Syulen_Exec_Stealth_6167112626226' killed by 'Lt_Crosby' [5566542605615] using 'unknown' [Class unknown] with damage type 'Crash' from direction x: 0.000000, y: 0.000000, z: 0.000000 [Team_ActorTech][Actor]"
"2025-09-21T20:23:18.459Z","C:\Program Files\Roberts Space Industries\StarCitizen\LIVE\logbackups\Game Build(10275505) 21 Sep 25 (07 15 18).log","26689","Lt_Crosby","Lt_Crosby","Lt_Crosby","<2025-09-21T20:23:18.459Z> [Notice] <Actor Death> CActor::Kill: 'Lt_Crosby' [5566542605615] in zone 'OOC_Stanton_1b_Aberdeen' killed by 'Lt_Crosby' [5566542605615] using 'Lt_Crosby' [Class Player] with damage type 'Suicide' from direction x: 0.000000, y: 0.000000, z: 0.000000 [Team_ActorTech][Actor]"
"2025-09-23T02:59:31.565Z","C:\Program Files\Roberts Space Industries\StarCitizen\LIVE\logbackups\Game Build(10275505) 22 Sep 25 (19 53 13).log","1048","Lt_Crosby","Lt_Crosby","Lt_Crosby","<2025-09-23T02:59:31.565Z> [Notice] <Actor Death> CActor::Kill: 'Lt_Crosby' [5566542605615] in zone 'rs_int_p6leo_ruinstation' killed by 'Lt_Crosby' [5566542605615] using 'Lt_Crosby' [Class Player] with damage type 'Suicide' from direction x: 0.000000, y: 0.000000, z: 0.000000 [Team_ActorTech][Actor]"
"2025-09-23T03:22:28.766Z","C:\Program Files\Roberts Space Industries\StarCitizen\LIVE\logbackups\Game Build(10275505) 22 Sep 25 (19 53 13).log","1963","Lt_Crosby","Lt_Crosby","Lt_Crosby","<2025-09-23T03:22:28.766Z> [Notice] <Actor Death> CActor::Kill: 'Lt_Crosby' [5566542605615] in zone 'ObjectContainer-000' killed by 'Lt_Crosby' [5566542605615] using 'Lt_Crosby' [Class Player] with damage type 'Suicide' from direction x: 0.000000, y: 0.000000, z: 0.000000 [Team_ActorTech][Actor]"
"2025-09-25T04:30:49.196Z","C:\Program Files\Roberts Space Industries\StarCitizen\LIVE\logbackups\Game Build(10310799) 24 Sep 25 (20 14 21).log","4219","Lt_Crosby","Lt_Crosby","Lt_Crosby","<2025-09-25T04:30:49.196Z> [Notice] <Actor Death> CActor::Kill: 'Lt_Crosby' [5566542605615] in zone 'Hangar_MediumTop_NewBabbage_6268058776873' killed by 'Lt_Crosby' [5566542605615] using 'Lt_Crosby' [Class Player] with damage type 'Suicide' from direction x: 0.000000, y: 0.000000, z: 0.000000 [Team_ActorTech][Actor]"
"2025-09-26T05:40:33.823Z","C:\Program Files\Roberts Space Industries\StarCitizen\LIVE\logbackups\Game Build(10310799) 25 Sep 25 (16 02 20).log","46363","Lt_Crosby","Lt_Crosby","Lt_Crosby","<2025-09-26T05:40:33.823Z> [Notice] <Actor Death> CActor::Kill: 'Lt_Crosby' [5566542605615] in zone 'ab_mine_stanton4_med_006' killed by 'Lt_Crosby' [5566542605615] using 'Lt_Crosby' [Class Player] with damage type 'Suicide' from direction x: 0.000000, y: 0.000000, z: 0.000000 [Team_ActorTech][Actor]"
"2025-09-29T03:41:29.987Z","C:\Program Files\Roberts Space Industries\StarCitizen\LIVE\logbackups\Game Build(10310799) 28 Sep 25 (07 33 42).log","51221","Lt_Crosby","Hazard_Pit","Hazard_Pit","<2025-09-29T03:41:29.987Z> [Notice] <Actor Death> CActor::Kill: 'Lt_Crosby' [5566542605615] in zone 'layout_int_power_001' killed by 'Hazard_Pit' [6292280659878] using 'Hazard_Pit' [Class unknown] with damage type 'Hazard' from direction x: 0.000000, y: 0.000000, z: 0.000000 [Team_ActorTech][Actor]"
"2025-10-04T06:02:45.936Z","C:\Program Files\Roberts Space Industries\StarCitizen\LIVE\logbackups\Game Build(10380617) 03 Oct 25 (22 57 05).log","1094","Lt_Crosby","SiriusHaze","MXOX_NeutronRepeater_S3_6478025755536","<2025-10-04T06:02:45.936Z> [Notice] <Actor Death> CActor::Kill: 'Lt_Crosby' [5566542605615] in zone 'ANVL_Hornet_F7A_Mk1_6478025756011' killed by 'SiriusHaze' [202028780047] using 'MXOX_NeutronRepeater_S3_6478025755536' [Class unknown] with damage type 'VehicleDestruction' from direction x: 0.000000, y: 0.000000, z: 0.000000 [Team_ActorTech][Actor]"
"2025-10-04T06:05:56.704Z","C:\Program Files\Roberts Space Industries\StarCitizen\LIVE\logbackups\Game Build(10380617) 03 Oct 25 (22 57 05).log","1182","Lt_Crosby","Nentai","unknown","<2025-10-04T06:05:56.704Z> [Notice] <Actor Death> CActor::Kill: 'Lt_Crosby' [5566542605615] in zone 'ANVL_Hornet_F7A_Mk1_6478025757282' killed by 'Nentai' [6155181459901] using 'unknown' [Class unknown] with damage type 'Crash' from direction x: 0.000000, y: 0.000000, z: 0.000000 [Team_ActorTech][Actor]"
"2025-10-04T06:09:34.996Z","C:\Program Files\Roberts Space Industries\StarCitizen\LIVE\logbackups\Game Build(10380617) 03 Oct 25 (22 57 05).log","1437","Lt_Crosby","SiriusHaze","KLWE_LaserRepeater_S3_6478025759255","<2025-10-04T06:09:34.996Z> [Notice] <Actor Death> CActor::Kill: 'Lt_Crosby' [5566542605615] in zone 'ANVL_Hornet_F7A_Mk1_6478025758528' killed by 'SiriusHaze' [202028780047] using 'KLWE_LaserRepeater_S3_6478025759255' [Class unknown] with damage type 'VehicleDestruction' from direction x: 0.000000, y: 0.000000, z: 0.000000 [Team_ActorTech][Actor]"
"2025-10-04T06:11:09.403Z","C:\Program Files\Roberts Space Industries\StarCitizen\LIVE\logbackups\Game Build(10380617) 03 Oct 25 (22 57 05).log","2175","Lt_Crosby","Moco69","volt_smg_energy_01_6478579735775","<2025-10-04T06:11:09.403Z> [Notice] <Actor Death> CActor::Kill: 'Lt_Crosby' [5566542605615] in zone 'SolarSystem_6478579731864' killed by 'Moco69' [6151599439288] using 'volt_smg_energy_01_6478579735775' [Class volt_smg_energy_01] with damage type 'ElectricArc' from direction x: 0.618902, y: 0.774282, z: -0.132088 [Team_ActorTech][Actor]"
"2025-10-04T06:11:26.899Z","C:\Program Files\Roberts Space Industries\StarCitizen\LIVE\logbackups\Game Build(10380617) 03 Oct 25 (22 57 05).log","2205","Lt_Crosby","DaDog","behr_rifle_ballistic_01_6478579736878","<2025-10-04T06:11:26.899Z> [Notice] <Actor Death> CActor::Kill: 'Lt_Crosby' [5566542605615] in zone 'SolarSystem_6478579731864' killed by 'DaDog' [2142658539988] using 'behr_rifle_ballistic_01_6478579736878' [Class behr_rifle_ballistic_01] with damage type 'Bullet' from direction x: 0.945158, y: -0.323514, z: -0.044894 [Team_ActorTech][Actor]"
"2025-10-04T06:12:16.840Z","C:\Program Files\Roberts Space Industries\StarCitizen\LIVE\logbackups\Game Build(10380617) 03 Oct 25 (22 57 05).log","2261","Lt_Crosby","CommanderDrey","gmni_shotgun_ballistic_01_6478579737097","<2025-10-04T06:12:16.840Z> [Notice] <Actor Death> CActor::Kill: 'Lt_Crosby' [5566542605615] in zone 'SolarSystem_6478579731864' killed by 'CommanderDrey' [200146291321] using 'gmni_shotgun_ballistic_01_6478579737097' [Class gmni_shotgun_ballistic_01] with damage type 'Bullet' from direction x: 0.844608, y: 0.531962, z: -0.060446 [Team_ActorTech][Actor]"
"2025-10-04T06:14:53.208Z","C:\Program Files\Roberts Space Industries\StarCitizen\LIVE\logbackups\Game Build(10380617) 03 Oct 25 (22 57 05).log","3000","Lt_Crosby","wsfzora","volt_rifle_energy_01_black01_6478725735294","<2025-10-04T06:14:53.208Z> [Notice] <Actor Death> CActor::Kill: 'Lt_Crosby' [5566542605615] in zone 'planet' killed by 'wsfzora' [563008613826] using 'volt_rifle_energy_01_black01_6478725735294' [Class volt_rifle_energy_01_black01] with damage type 'Bullet' from direction x: 0.485795, y: -0.431316, z: -0.760243 [Team_ActorTech][Actor]"
"2025-10-04T06:16:37.684Z","C:\Program Files\Roberts Space Industries\StarCitizen\LIVE\logbackups\Game Build(10380617) 03 Oct 25 (22 57 05).log","3054","Lt_Crosby","ReizorD","gmni_rifle_ballistic_01_6478725735514","<2025-10-04T06:16:37.684Z> [Notice] <Actor Death> CActor::Kill: 'Lt_Crosby' [5566542605615] in zone 'planet' killed by 'ReizorD' [200146299792] using 'gmni_rifle_ballistic_01_6478725735514' [Class gmni_rifle_ballistic_01] with damage type 'Bullet' from direction x: -0.524936, y: 0.406337, z: 0.747885 [Team_ActorTech][Actor]"
"2025-10-04T06:18:12.539Z","C:\Program Files\Roberts Space Industries\StarCitizen\LIVE\logbackups\Game Build(10380617) 03 Oct 25 (22 57 05).log","3166","Lt_Crosby","Raiden8X","none_shotgun_ballistic_01_6478725736061","<2025-10-04T06:18:12.539Z> [Notice] <Actor Death> CActor::Kill: 'Lt_Crosby' [5566542605615] in zone 'planet' killed by 'Raiden8X' [202139714114] using 'none_shotgun_ballistic_01_6478725736061' [Class none_shotgun_ballistic_01] with damage type 'Bullet' from direction x: -0.335298, y: 0.550715, z: -0.764388 [Team_ActorTech][Actor]"
"2025-10-04T06:18:45.411Z","C:\Program Files\Roberts Space Industries\StarCitizen\LIVE\logbackups\Game Build(10380617) 03 Oct 25 (22 57 05).log","3201","Lt_Crosby","youngrezzy420","behr_rifle_ballistic_01_6478725736004","<2025-10-04T06:18:45.411Z> [Notice] <Actor Death> CActor::Kill: 'Lt_Crosby' [5566542605615] in zone 'planet' killed by 'youngrezzy420' [4861651492431] using 'behr_rifle_ballistic_01_6478725736004' [Class behr_rifle_ballistic_01] with damage type 'Bullet' from direction x: -0.279475, y: 0.552384, z: -0.785345 [Team_ActorTech][Actor]"
"2025-10-04T06:19:03.908Z","C:\Program Files\Roberts Space Industries\StarCitizen\LIVE\logbackups\Game Build(10380617) 03 Oct 25 (22 57 05).log","3222","Lt_Crosby","Sinderence","ksar_rifle_energy_01_red01_6478725736253","<2025-10-04T06:19:03.908Z> [Notice] <Actor Death> CActor::Kill: 'Lt_Crosby' [5566542605615] in zone 'planet' killed by 'Sinderence' [215423957263] using 'ksar_rifle_energy_01_red01_6478725736253' [Class ksar_rifle_energy_01_red01] with damage type 'Bullet' from direction x: 0.312786, y: -0.113561, z: -0.943010 [Team_ActorTech][Actor]"
"2025-10-04T06:19:41.075Z","C:\Program Files\Roberts Space Industries\StarCitizen\LIVE\logbackups\Game Build(10380617) 03 Oct 25 (22 57 05).log","3253","Lt_Crosby","C_A_S_E","ksar_pistol_ballistic_01_6478725734503","<2025-10-04T06:19:41.075Z> [Notice] <Actor Death> CActor::Kill: 'Lt_Crosby' [5566542605615] in zone 'planet' killed by 'C_A_S_E' [202061414435] using 'ksar_pistol_ballistic_01_6478725734503' [Class ksar_pistol_ballistic_01] with damage type 'Bullet' from direction x: -0.404084, y: 0.518965, z: -0.753254 [Team_ActorTech][Actor]"
"2025-10-04T06:20:28.046Z","C:\Program Files\Roberts Space Industries\StarCitizen\LIVE\logbackups\Game Build(10380617) 03 Oct 25 (22 57 05).log","3290","Lt_Crosby","AngelusCaelesti","unknown","<2025-10-04T06:20:28.046Z> [Notice] <Actor Death> CActor::Kill: 'Lt_Crosby' [5566542605615] in zone 'planet' killed by 'AngelusCaelesti' [202153878849] using 'unknown' [Class unknown] with damage type 'BleedOut' from direction x: 0.000000, y: 0.000000, z: 0.000000 [Team_ActorTech][Actor]"
"2025-10-04T06:21:55.541Z","C:\Program Files\Roberts Space Industries\StarCitizen\LIVE\logbackups\Game Build(10380617) 03 Oct 25 (22 57 05).log","3621","Lt_Crosby","star_youth","behr_smg_ballistic_01_iae2201_6478843736413","<2025-10-04T06:21:55.541Z> [Notice] <Actor Death> CActor::Kill: 'Lt_Crosby' [5566542605615] in zone 'SolarSystem_6478843731996' killed by 'star_youth' [268546357246] using 'behr_smg_ballistic_01_iae2201_6478843736413' [Class behr_smg_ballistic_01_iae2201] with damage type 'Bullet' from direction x: 0.230131, y: -0.949459, z: -0.213464 [Team_ActorTech][Actor]"
"2025-10-04T06:22:27.205Z","C:\Program Files\Roberts Space Industries\StarCitizen\LIVE\logbackups\Game Build(10380617) 03 Oct 25 (22 57 05).log","3657","Lt_Crosby","ruskinn","behr_shotgun_ballistic_01_6478843736596","<2025-10-04T06:22:27.205Z> [Notice] <Actor Death> CActor::Kill: 'Lt_Crosby' [5566542605615] in zone 'SolarSystem_6478843731996' killed by 'ruskinn' [1230513308276] using 'behr_shotgun_ballistic_01_6478843736596' [Class behr_shotgun_ballistic_01] with damage type 'Bullet' from direction x: -0.957269, y: -0.235953, z: -0.167219 [Team_ActorTech][Actor]"
"2025-10-04T06:23:18.983Z","C:\Program Files\Roberts Space Industries\StarCitizen\LIVE\logbackups\Game Build(10380617) 03 Oct 25 (22 57 05).log","3694","Lt_Crosby","ruskinn","volt_rifle_energy_01_6478843736572","<2025-10-04T06:23:18.983Z> [Notice] <Actor Death> CActor::Kill: 'Lt_Crosby' [5566542605615] in zone 'SolarSystem_6478843731996' killed by 'ruskinn' [1230513308276] using 'volt_rifle_energy_01_6478843736572' [Class volt_rifle_energy_01] with damage type 'ElectricArc' from direction x: 0.883655, y: -0.441201, z: -0.156507 [Team_ActorTech][Actor]"
"2025-10-04T06:23:55.119Z","C:\Program Files\Roberts Space Industries\StarCitizen\LIVE\logbackups\Game Build(10380617) 03 Oct 25 (22 57 05).log","3732","Lt_Crosby","star_youth","behr_smg_ballistic_01_iae2201_6478843736783","<2025-10-04T06:23:55.119Z> [Notice] <Actor Death> CActor::Kill: 'Lt_Crosby' [5566542605615] in zone 'SolarSystem_6478843731996' killed by 'star_youth' [268546357246] using 'behr_smg_ballistic_01_iae2201_6478843736783' [Class behr_smg_ballistic_01_iae2201] with damage type 'Bullet' from direction x: -0.760871, y: 0.646866, z: -0.051386 [Team_ActorTech][Actor]"
"2025-10-04T06:24:37.546Z","C:\Program Files\Roberts Space Industries\StarCitizen\LIVE\logbackups\Game Build(10380617) 03 Oct 25 (22 57 05).log","3760","Lt_Crosby","Delta347","volt_sniper_energy_01_store01_6478843737121","<2025-10-04T06:24:37.546Z> [Notice] <Actor Death> CActor::Kill: 'Lt_Crosby' [5566542605615] in zone 'SolarSystem_6478843731996' killed by 'Delta347' [3948860467023] using 'volt_sniper_energy_01_store01_6478843737121' [Class volt_sniper_energy_01_store01] with damage type 'Bullet' from direction x: -0.949043, y: -0.311818, z: -0.045676 [Team_ActorTech][Actor]"
"2025-10-04T06:24:51.213Z","C:\Program Files\Roberts Space Industries\StarCitizen\LIVE\logbackups\Game Build(10380617) 03 Oct 25 (22 57 05).log","3782","Lt_Crosby","star_youth","behr_smg_ballistic_01_iae2201_6478843737164","<2025-10-04T06:24:51.213Z> [Notice] <Actor Death> CActor::Kill: 'Lt_Crosby' [5566542605615] in zone 'SolarSystem_6478843731996' killed by 'star_youth' [268546357246] using 'behr_smg_ballistic_01_iae2201_6478843737164' [Class behr_smg_ballistic_01_iae2201] with damage type 'Bullet' from direction x: 0.777363, y: -0.627711, z: -0.041049 [Team_ActorTech][Actor]"
"2025-10-04T06:25:31.981Z","C:\Program Files\Roberts Space Industries\StarCitizen\LIVE\logbackups\Game Build(10380617) 03 Oct 25 (22 57 05).log","3812","Lt_Crosby","ralfgon","volt_rifle_energy_01_blue01_6478843736810","<2025-10-04T06:25:31.981Z> [Notice] <Actor Death> CActor::Kill: 'Lt_Crosby' [5566542605615] in zone 'SolarSystem_6478843731996' killed by 'ralfgon' [215423948522] using 'volt_rifle_energy_01_blue01_6478843736810' [Class volt_rifle_energy_01_blue01] with damage type 'ElectricArc' from direction x: -0.959317, y: 0.075316, z: 0.272101 [Team_ActorTech][Actor]"
"2025-10-04T06:25:57.919Z","C:\Program Files\Roberts Space Industries\StarCitizen\LIVE\logbackups\Game Build(10380617) 03 Oct 25 (22 57 05).log","3840","Lt_Crosby","HarlequinJester","volt_rifle_energy_01_black_gold01_6478843737278","<2025-10-04T06:25:57.919Z> [Notice] <Actor Death> CActor::Kill: 'Lt_Crosby' [5566542605615] in zone 'SolarSystem_6478843731996' killed by 'HarlequinJester' [208821906353] using 'volt_rifle_energy_01_black_gold01_6478843737278' [Class volt_rifle_energy_01_black_gold01] with damage type 'Bullet' from direction x: 0.022191, y: -0.999702, z: -0.010152 [Team_ActorTech][Actor]"
"2025-10-04T06:26:26.488Z","C:\Program Files\Roberts Space Industries\StarCitizen\LIVE\logbackups\Game Build(10380617) 03 Oct 25 (22 57 05).log","3876","Lt_Crosby","youngrezzy420","behr_rifle_ballistic_01_6478843737520","<2025-10-04T06:26:26.488Z> [Notice] <Actor Death> CActor::Kill: 'Lt_Crosby' [5566542605615] in zone 'SolarSystem_6478843731996' killed by 'youngrezzy420' [4861651492431] using 'behr_rifle_ballistic_01_6478843737520' [Class behr_rifle_ballistic_01] with damage type 'Bullet' from direction x: -0.958792, y: 0.283968, z: -0.008931 [Team_ActorTech][Actor]"
"2025-10-04T06:26:41.381Z","C:\Program Files\Roberts Space Industries\StarCitizen\LIVE\logbackups\Game Build(10380617) 03 Oct 25 (22 57 05).log","3893","Lt_Crosby","ReizorD","volt_smg_energy_01_black01_6478843737352","<2025-10-04T06:26:41.381Z> [Notice] <Actor Death> CActor::Kill: 'Lt_Crosby' [5566542605615] in zone 'SolarSystem_6478843731996' killed by 'ReizorD' [200146299792] using 'volt_smg_energy_01_black01_6478843737352' [Class volt_smg_energy_01_black01] with damage type 'ElectricArc' from direction x: -0.943264, y: -0.330597, z: -0.030976 [Team_ActorTech][Actor]"
"2025-10-04T06:27:16.289Z","C:\Program Files\Roberts Space Industries\StarCitizen\LIVE\logbackups\Game Build(10380617) 03 Oct 25 (22 57 05).log","3935","Lt_Crosby","ruskinn","volt_rifle_energy_01_6478843736572","<2025-10-04T06:27:16.289Z> [Notice] <Actor Death> CActor::Kill: 'Lt_Crosby' [5566542605615] in zone 'SolarSystem_6478843731996' killed by 'ruskinn' [1230513308276] using 'volt_rifle_energy_01_6478843736572' [Class volt_rifle_energy_01] with damage type 'Bullet' from direction x: 0.992604, y: 0.120598, z: 0.013869 [Team_ActorTech][Actor]"
"2025-10-04T06:27:36.855Z","C:\Program Files\Roberts Space Industries\StarCitizen\LIVE\logbackups\Game Build(10380617) 03 Oct 25 (22 57 05).log","3993","Lt_Crosby","Delta347","behr_rifle_ballistic_02_civilian_6478843736486","<2025-10-04T06:27:36.855Z> [Notice] <Actor Death> CActor::Kill: 'Lt_Crosby' [5566542605615] in zone 'SolarSystem_6478843731996' killed by 'Delta347' [3948860467023] using 'behr_rifle_ballistic_02_civilian_6478843736486' [Class behr_rifle_ballistic_02_civilian] with damage type 'Bullet' from direction x: 0.974096, y: -0.164903, z: -0.154738 [Team_ActorTech][Actor]"
"2025-10-04T06:28:01.927Z","C:\Program Files\Roberts Space Industries\StarCitizen\LIVE\logbackups\Game Build(10380617) 03 Oct 25 (22 57 05).log","4023","Lt_Crosby","youngrezzy420","gmni_pistol_ballistic_01_gold01_6478843736293","<2025-10-04T06:28:01.927Z> [Notice] <Actor Death> CActor::Kill: 'Lt_Crosby' [5566542605615] in zone 'SolarSystem_6478843731996' killed by 'youngrezzy420' [4861651492431] using 'gmni_pistol_ballistic_01_gold01_6478843736293' [Class gmni_pistol_ballistic_01_gold01] with damage type 'Bullet' from direction x: -0.994444, y: 0.069244, z: 0.079287 [Team_ActorTech][Actor]"
"2025-10-04T06:28:23.226Z","C:\Program Files\Roberts Space Industries\StarCitizen\LIVE\logbackups\Game Build(10380617) 03 Oct 25 (22 57 05).log","4051","Lt_Crosby","ralfgon","unknown","<2025-10-04T06:28:23.226Z> [Notice] <Actor Death> CActor::Kill: 'Lt_Crosby' [5566542605615] in zone 'SolarSystem_6478843731996' killed by 'ralfgon' [215423948522] using 'unknown' [Class unknown] with damage type 'BleedOut' from direction x: 0.000000, y: 0.000000, z: 0.000000 [Team_ActorTech][Actor]"
"2025-10-04T06:29:06.080Z","C:\Program Files\Roberts Space Industries\StarCitizen\LIVE\logbackups\Game Build(10380617) 03 Oct 25 (22 57 05).log","4097","Lt_Crosby","Kelieon","volt_sniper_energy_01_store01_6478843738187","<2025-10-04T06:29:06.080Z> [Notice] <Actor Death> CActor::Kill: 'Lt_Crosby' [5566542605615] in zone 'SolarSystem_6478843731996' killed by 'Kelieon' [202139713793] using 'volt_sniper_energy_01_store01_6478843738187' [Class volt_sniper_energy_01_store01] with damage type 'Bullet' from direction x: 0.990741, y: 0.133694, z: -0.023643 [Team_ActorTech][Actor]"
"2025-10-04T06:29:23.050Z","C:\Program Files\Roberts Space Industries\StarCitizen\LIVE\logbackups\Game Build(10380617) 03 Oct 25 (22 57 05).log","4126","Lt_Crosby","Drexrage","volt_rifle_energy_01_white01_6478843738229","<2025-10-04T06:29:23.050Z> [Notice] <Actor Death> CActor::Kill: 'Lt_Crosby' [5566542605615] in zone 'SolarSystem_6478843731996' killed by 'Drexrage' [200146297415] using 'volt_rifle_energy_01_white01_6478843738229' [Class volt_rifle_energy_01_white01] with damage type 'ElectricArc' from direction x: 0.092248, y: -0.993718, z: -0.063357 [Team_ActorTech][Actor]"
"2025-10-04T06:33:07.860Z","C:\Program Files\Roberts Space Industries\StarCitizen\LIVE\logbackups\Game Build(10380617) 03 Oct 25 (22 57 05).log","5187","Lt_Crosby","FearJeesh","volt_rifle_energy_01_6478976021344","<2025-10-04T06:33:07.860Z> [Notice] <Actor Death> CActor::Kill: 'Lt_Crosby' [5566542605615] in zone 'stanton4' killed by 'FearJeesh' [1895570113667] using 'volt_rifle_energy_01_6478976021344' [Class volt_rifle_energy_01] with damage type 'ElectricArc' from direction x: -0.678763, y: -0.730723, z: -0.072968 [Team_ActorTech][Actor]"
"2025-10-04T06:33:36.192Z","C:\Program Files\Roberts Space Industries\StarCitizen\LIVE\logbackups\Game Build(10380617) 03 Oct 25 (22 57 05).log","5238","Lt_Crosby","WonderBoyTrip","volt_rifle_energy_01_black01_6478976021953","<2025-10-04T06:33:36.192Z> [Notice] <Actor Death> CActor::Kill: 'Lt_Crosby' [5566542605615] in zone 'stanton4' killed by 'WonderBoyTrip' [2334054896001] using 'volt_rifle_energy_01_black01_6478976021953' [Class volt_rifle_energy_01_black01] with damage type 'Bullet' from direction x: -0.067668, y: 0.241233, z: 0.968105 [Team_ActorTech][Actor]"
"2025-10-04T06:33:56.946Z","C:\Program Files\Roberts Space Industries\StarCitizen\LIVE\logbackups\Game Build(10380617) 03 Oct 25 (22 57 05).log","5274","Lt_Crosby","JetraFire","volt_rifle_energy_01_6478976022062","<2025-10-04T06:33:56.946Z> [Notice] <Actor Death> CActor::Kill: 'Lt_Crosby' [5566542605615] in zone 'stanton4' killed by 'JetraFire' [1978962250576] using 'volt_rifle_energy_01_6478976022062' [Class volt_rifle_energy_01] with damage type 'ElectricArc' from direction x: -0.640867, y: -0.619852, z: -0.452850 [Team_ActorTech][Actor]"
"2025-10-04T06:34:12.415Z","C:\Program Files\Roberts Space Industries\StarCitizen\LIVE\logbackups\Game Build(10380617) 03 Oct 25 (22 57 05).log","5305","Lt_Crosby","Kavinsky1986","volt_rifle_energy_01_blue01_6478976022126","<2025-10-04T06:34:12.415Z> [Notice] <Actor Death> CActor::Kill: 'Lt_Crosby' [5566542605615] in zone 'stanton4' killed by 'Kavinsky1986' [202153876889] using 'volt_rifle_energy_01_blue01_6478976022126' [Class volt_rifle_energy_01_blue01] with damage type 'Bullet' from direction x: 0.243066, y: 0.334258, z: 0.910599 [Team_ActorTech][Actor]"
"2025-10-04T06:34:32.616Z","C:\Program Files\Roberts Space Industries\StarCitizen\LIVE\logbackups\Game Build(10380617) 03 Oct 25 (22 57 05).log","5345","Lt_Crosby","JetraFire","volt_rifle_energy_01_6478976022333","<2025-10-04T06:34:32.616Z> [Notice] <Actor Death> CActor::Kill: 'Lt_Crosby' [5566542605615] in zone 'stanton4' killed by 'JetraFire' [1978962250576] using 'volt_rifle_energy_01_6478976022333' [Class volt_rifle_energy_01] with damage type 'ElectricArc' from direction x: -0.630670, y: -0.641709, z: -0.436422 [Team_ActorTech][Actor]"
"2025-10-04T06:35:15.330Z","C:\Program Files\Roberts Space Industries\StarCitizen\LIVE\logbackups\Game Build(10380617) 03 Oct 25 (22 57 05).log","5419","Lt_Crosby","SK-LenNightmare","unknown","<2025-10-04T06:35:15.330Z> [Notice] <Actor Death> CActor::Kill: 'Lt_Crosby' [5566542605615] in zone 'stanton4' killed by 'SK-LenNightmare' [201990621521] using 'unknown' [Class unknown] with damage type 'BleedOut' from direction x: 0.000000, y: 0.000000, z: 0.000000 [Team_ActorTech][Actor]"
"2025-10-04T17:34:31.194Z","C:\Program Files\Roberts Space Industries\StarCitizen\LIVE\logbackups\Game Build(10380617) 04 Oct 25 (09 58 07).log","3745","Lt_Crosby","Lt_Crosby","Lt_Crosby","<2025-10-04T17:34:31.194Z> [Notice] <Actor Death> CActor::Kill: 'Lt_Crosby' [5566542605615] in zone 'Hangar_XLTop_NewBabbage_6151994940881' killed by 'Lt_Crosby' [5566542605615] using 'Lt_Crosby' [Class Player] with damage type 'Suicide' from direction x: 0.000000, y: 0.000000, z: 0.000000 [Team_ActorTech][Actor]"
"2025-10-04T18:12:03.761Z","C:\Program Files\Roberts Space Industries\StarCitizen\LIVE\logbackups\Game Build(10380617) 04 Oct 25 (11 09 20).log","937","Lt_Crosby","Arch_Angel_Wolf","behr_rifle_ballistic_01_6490393742232","<2025-10-04T18:12:03.761Z> [Notice] <Actor Death> CActor::Kill: 'Lt_Crosby' [5566542605615] in zone 'SolarSystem_6490393737771' killed by 'Arch_Angel_Wolf' [206065895598] using 'behr_rifle_ballistic_01_6490393742232' [Class behr_rifle_ballistic_01] with damage type 'Bullet' from direction x: -0.049943, y: -0.998657, z: -0.013798 [Team_ActorTech][Actor]"
"2025-10-04T18:12:58.296Z","C:\Program Files\Roberts Space Industries\StarCitizen\LIVE\logbackups\Game Build(10380617) 04 Oct 25 (11 09 20).log","976","Lt_Crosby","Mr_Azai","klwe_smg_energy_01_6490393742379","<2025-10-04T18:12:58.296Z> [Notice] <Actor Death> CActor::Kill: 'Lt_Crosby' [5566542605615] in zone 'SolarSystem_6490393737771' killed by 'Mr_Azai' [202139717633] using 'klwe_smg_energy_01_6490393742379' [Class klwe_smg_energy_01] with damage type 'Bullet' from direction x: -0.761368, y: 0.601931, z: 0.240826 [Team_ActorTech][Actor]"
"2025-10-04T18:13:44.462Z","C:\Program Files\Roberts Space Industries\StarCitizen\LIVE\logbackups\Game Build(10380617) 04 Oct 25 (11 09 20).log","1038","Lt_Crosby","THEAvengerA7X","volt_smg_energy_01_6490393742272","<2025-10-04T18:13:44.462Z> [Notice] <Actor Death> CActor::Kill: 'Lt_Crosby' [5566542605615] in zone 'SolarSystem_6490393737771' killed by 'THEAvengerA7X' [2142658541573] using 'volt_smg_energy_01_6490393742272' [Class volt_smg_energy_01] with damage type 'ElectricArc' from direction x: -0.954082, y: -0.295687, z: -0.047921 [Team_ActorTech][Actor]"
"2025-10-04T18:14:10.292Z","C:\Program Files\Roberts Space Industries\StarCitizen\LIVE\logbackups\Game Build(10380617) 04 Oct 25 (11 09 20).log","1065","Lt_Crosby","Quickwaffles","behr_rifle_ballistic_01_6490393742630","<2025-10-04T18:14:10.292Z> [Notice] <Actor Death> CActor::Kill: 'Lt_Crosby' [5566542605615] in zone 'SolarSystem_6490393737771' killed by 'Quickwaffles' [1895570109286] using 'behr_rifle_ballistic_01_6490393742630' [Class behr_rifle_ballistic_01] with damage type 'Bullet' from direction x: -0.999885, y: 0.010728, z: -0.010733 [Team_ActorTech][Actor]"
"2025-10-04T18:14:34.831Z","C:\Program Files\Roberts Space Industries\StarCitizen\LIVE\logbackups\Game Build(10380617) 04 Oct 25 (11 09 20).log","1090","Lt_Crosby","Arch_Angel_Wolf","behr_rifle_ballistic_01_6490393742787","<2025-10-04T18:14:34.831Z> [Notice] <Actor Death> CActor::Kill: 'Lt_Crosby' [5566542605615] in zone 'SolarSystem_6490393737771' killed by 'Arch_Angel_Wolf' [206065895598] using 'behr_rifle_ballistic_01_6490393742787' [Class behr_rifle_ballistic_01] with damage type 'Bullet' from direction x: 0.682099, y: -0.731216, z: 0.008001 [Team_ActorTech][Actor]"
"2025-10-04T18:15:03.070Z","C:\Program Files\Roberts Space Industries\StarCitizen\LIVE\logbackups\Game Build(10380617) 04 Oct 25 (11 09 20).log","1134","Lt_Crosby","Arch_Angel_Wolf","behr_rifle_ballistic_01_6490393742787","<2025-10-04T18:15:03.070Z> [Notice] <Actor Death> CActor::Kill: 'Lt_Crosby' [5566542605615] in zone 'SolarSystem_6490393737771' killed by 'Arch_Angel_Wolf' [206065895598] using 'behr_rifle_ballistic_01_6490393742787' [Class behr_rifle_ballistic_01] with damage type 'Bullet' from direction x: -0.996484, y: 0.044724, z: 0.070850 [Team_ActorTech][Actor]"
"2025-10-04T18:15:24.693Z","C:\Program Files\Roberts Space Industries\StarCitizen\LIVE\logbackups\Game Build(10380617) 04 Oct 25 (11 09 20).log","1160","Lt_Crosby","THEAvengerA7X","volt_smg_energy_01_6490393742957","<2025-10-04T18:15:24.693Z> [Notice] <Actor Death> CActor::Kill: 'Lt_Crosby' [5566542605615] in zone 'SolarSystem_6490393737771' killed by 'THEAvengerA7X' [2142658541573] using 'volt_smg_energy_01_6490393742957' [Class volt_smg_energy_01] with damage type 'ElectricArc' from direction x: -0.097760, y: 0.963735, z: 0.248311 [Team_ActorTech][Actor]"
"2025-10-04T18:15:43.867Z","C:\Program Files\Roberts Space Industries\StarCitizen\LIVE\logbackups\Game Build(10380617) 04 Oct 25 (11 09 20).log","1189","Lt_Crosby","THEAvengerA7X","volt_smg_energy_01_6490393742957","<2025-10-04T18:15:43.867Z> [Notice] <Actor Death> CActor::Kill: 'Lt_Crosby' [5566542605615] in zone 'SolarSystem_6490393737771' killed by 'THEAvengerA7X' [2142658541573] using 'volt_smg_energy_01_6490393742957' [Class volt_smg_energy_01] with damage type 'ElectricArc' from direction x: 0.970725, y: -0.044212, z: -0.236089 [Team_ActorTech][Actor]"
"2025-10-04T18:16:08.327Z","C:\Program Files\Roberts Space Industries\StarCitizen\LIVE\logbackups\Game Build(10380617) 04 Oct 25 (11 09 20).log","1220","Lt_Crosby","Jaxin_Deathunter","gmni_rifle_ballistic_01_6490393741706","<2025-10-04T18:16:08.327Z> [Notice] <Actor Death> CActor::Kill: 'Lt_Crosby' [5566542605615] in zone 'SolarSystem_6490393737771' killed by 'Jaxin_Deathunter' [202035317530] using 'gmni_rifle_ballistic_01_6490393741706' [Class gmni_rifle_ballistic_01] with damage type 'Bullet' from direction x: 0.664424, y: 0.747044, z: -0.021604 [Team_ActorTech][Actor]"
"2025-10-04T18:16:41.634Z","C:\Program Files\Roberts Space Industries\StarCitizen\LIVE\logbackups\Game Build(10380617) 04 Oct 25 (11 09 20).log","1254","Lt_Crosby","squagor","behr_rifle_ballistic_01_6490393743151","<2025-10-04T18:16:41.634Z> [Notice] <Actor Death> CActor::Kill: 'Lt_Crosby' [5566542605615] in zone 'SolarSystem_6490393737771' killed by 'squagor' [2295126856065] using 'behr_rifle_ballistic_01_6490393743151' [Class behr_rifle_ballistic_01] with damage type 'Bullet' from direction x: -0.829496, y: 0.554294, z: -0.068517 [Team_ActorTech][Actor]"
"2025-10-04T18:18:37.520Z","C:\Program Files\Roberts Space Industries\StarCitizen\LIVE\logbackups\Game Build(10380617) 04 Oct 25 (11 09 20).log","1603","Lt_Crosby","Arch_Angel_Wolf","behr_rifle_ballistic_01_6490618265843","<2025-10-04T18:18:37.520Z> [Notice] <Actor Death> CActor::Kill: 'Lt_Crosby' [5566542605615] in zone 'OOC_Stanton_2a_Cellin' killed by 'Arch_Angel_Wolf' [206065895598] using 'behr_rifle_ballistic_01_6490618265843' [Class behr_rifle_ballistic_01] with damage type 'Bullet' from direction x: 0.954931, y: -0.042102, z: -0.293828 [Team_ActorTech][Actor]"
"2025-10-04T18:18:52.726Z","C:\Program Files\Roberts Space Industries\StarCitizen\LIVE\logbackups\Game Build(10380617) 04 Oct 25 (11 09 20).log","1625","Lt_Crosby","Bl1ng","volt_rifle_energy_01_blue01_6490618265916","<2025-10-04T18:18:52.726Z> [Notice] <Actor Death> CActor::Kill: 'Lt_Crosby' [5566542605615] in zone 'OOC_Stanton_2a_Cellin' killed by 'Bl1ng' [245019999578] using 'volt_rifle_energy_01_blue01_6490618265916' [Class volt_rifle_energy_01_blue01] with damage type 'ElectricArc' from direction x: -0.980850, y: 0.078542, z: -0.178226 [Team_ActorTech][Actor]"
"2025-10-04T18:19:34.614Z","C:\Program Files\Roberts Space Industries\StarCitizen\LIVE\logbackups\Game Build(10380617) 04 Oct 25 (11 09 20).log","1658","Lt_Crosby","squagor","behr_rifle_ballistic_01_6490618266030","<2025-10-04T18:19:34.614Z> [Notice] <Actor Death> CActor::Kill: 'Lt_Crosby' [5566542605615] in zone 'OOC_Stanton_2a_Cellin' killed by 'squagor' [2295126856065] using 'behr_rifle_ballistic_01_6490618266030' [Class behr_rifle_ballistic_01] with damage type 'Bullet' from direction x: -0.378567, y: -0.914188, z: -0.144735 [Team_ActorTech][Actor]"
"2025-10-04T18:20:00.289Z","C:\Program Files\Roberts Space Industries\StarCitizen\LIVE\logbackups\Game Build(10380617) 04 Oct 25 (11 09 20).log","1727","Lt_Crosby","Jaxin_Deathunter","volt_lmg_energy_01_6490618266136","<2025-10-04T18:20:00.289Z> [Notice] <Actor Death> CActor::Kill: 'Lt_Crosby' [5566542605615] in zone 'OOC_Stanton_2a_Cellin' killed by 'Jaxin_Deathunter' [202035317530] using 'volt_lmg_energy_01_6490618266136' [Class volt_lmg_energy_01] with damage type 'Bullet' from direction x: -0.082638, y: -0.996244, z: -0.025841 [Team_ActorTech][Actor]"
"2025-10-04T18:20:22.585Z","C:\Program Files\Roberts Space Industries\StarCitizen\LIVE\logbackups\Game Build(10380617) 04 Oct 25 (11 09 20).log","1756","Lt_Crosby","Bl1ng","volt_rifle_energy_01_blue01_6490618266122","<2025-10-04T18:20:22.585Z> [Notice] <Actor Death> CActor::Kill: 'Lt_Crosby' [5566542605615] in zone 'OOC_Stanton_2a_Cellin' killed by 'Bl1ng' [245019999578] using 'volt_rifle_energy_01_blue01_6490618266122' [Class volt_rifle_energy_01_blue01] with damage type 'Bullet' from direction x: 0.916014, y: -0.389392, z: -0.096395 [Team_ActorTech][Actor]"
"2025-10-04T18:21:05.419Z","C:\Program Files\Roberts Space Industries\StarCitizen\LIVE\logbackups\Game Build(10380617) 04 Oct 25 (11 09 20).log","1797","Lt_Crosby","Arch_Angel_Wolf","behr_rifle_ballistic_01_6490618266172","<2025-10-04T18:21:05.419Z> [Notice] <Actor Death> CActor::Kill: 'Lt_Crosby' [5566542605615] in zone 'OOC_Stanton_2a_Cellin' killed by 'Arch_Angel_Wolf' [206065895598] using 'behr_rifle_ballistic_01_6490618266172' [Class behr_rifle_ballistic_01] with damage type 'Bullet' from direction x: -0.018558, y: -0.998413, z: -0.053176 [Team_ActorTech][Actor]"
"2025-10-04T18:21:25.722Z","C:\Program Files\Roberts Space Industries\StarCitizen\LIVE\logbackups\Game Build(10380617) 04 Oct 25 (11 09 20).log","1827","Lt_Crosby","squagor","behr_rifle_ballistic_01_6490618266377","<2025-10-04T18:21:25.722Z> [Notice] <Actor Death> CActor::Kill: 'Lt_Crosby' [5566542605615] in zone 'OOC_Stanton_2a_Cellin' killed by 'squagor' [2295126856065] using 'behr_rifle_ballistic_01_6490618266377' [Class behr_rifle_ballistic_01] with damage type 'Bullet' from direction x: -0.652871, y: 0.755048, z: -0.060506 [Team_ActorTech][Actor]"
"2025-10-04T18:21:56.622Z","C:\Program Files\Roberts Space Industries\StarCitizen\LIVE\logbackups\Game Build(10380617) 04 Oct 25 (11 09 20).log","1866","Lt_Crosby","Jaxin_Deathunter","volt_lmg_energy_01_6490618266520","<2025-10-04T18:21:56.622Z> [Notice] <Actor Death> CActor::Kill: 'Lt_Crosby' [5566542605615] in zone 'OOC_Stanton_2a_Cellin' killed by 'Jaxin_Deathunter' [202035317530] using 'volt_lmg_energy_01_6490618266520' [Class volt_lmg_energy_01] with damage type 'Bullet' from direction x: -0.038587, y: 0.998881, z: -0.027355 [Team_ActorTech][Actor]"
"2025-10-04T18:22:24.059Z","C:\Program Files\Roberts Space Industries\StarCitizen\LIVE\logbackups\Game Build(10380617) 04 Oct 25 (11 09 20).log","1904","Lt_Crosby","Arch_Angel_Wolf","behr_rifle_ballistic_02_civilian_6490618266638","<2025-10-04T18:22:24.059Z> [Notice] <Actor Death> CActor::Kill: 'Lt_Crosby' [5566542605615] in zone 'OOC_Stanton_2a_Cellin' killed by 'Arch_Angel_Wolf' [206065895598] using 'behr_rifle_ballistic_02_civilian_6490618266638' [Class behr_rifle_ballistic_02_civilian] with damage type 'Bullet' from direction x: 0.908779, y: 0.359041, z: -0.212625 [Team_ActorTech][Actor]"
"2025-10-04T18:22:53.686Z","C:\Program Files\Roberts Space Industries\StarCitizen\LIVE\logbackups\Game Build(10380617) 04 Oct 25 (11 09 20).log","1958","Lt_Crosby","Quickwaffles","behr_rifle_ballistic_01_6490618266764","<2025-10-04T18:22:53.686Z> [Notice] <Actor Death> CActor::Kill: 'Lt_Crosby' [5566542605615] in zone 'OOC_Stanton_2a_Cellin' killed by 'Quickwaffles' [1895570109286] using 'behr_rifle_ballistic_01_6490618266764' [Class behr_rifle_ballistic_01] with damage type 'Bullet' from direction x: -0.815081, y: 0.579168, z: -0.014390 [Team_ActorTech][Actor]"
"2025-10-04T18:23:13.489Z","C:\Program Files\Roberts Space Industries\StarCitizen\LIVE\logbackups\Game Build(10380617) 04 Oct 25 (11 09 20).log","1985","Lt_Crosby","Happycods","behr_rifle_ballistic_01_6490618266881","<2025-10-04T18:23:13.489Z> [Notice] <Actor Death> CActor::Kill: 'Lt_Crosby' [5566542605615] in zone 'OOC_Stanton_2a_Cellin' killed by 'Happycods' [5848177015772] using 'behr_rifle_ballistic_01_6490618266881' [Class behr_rifle_ballistic_01] with damage type 'Bullet' from direction x: 0.540735, y: 0.840645, z: -0.030345 [Team_ActorTech][Actor]"
"2025-10-04T18:24:03.721Z","C:\Program Files\Roberts Space Industries\StarCitizen\LIVE\logbackups\Game Build(10380617) 04 Oct 25 (11 09 20).log","2032","Lt_Crosby","Mr_Azai","klwe_smg_energy_01_6490618267060","<2025-10-04T18:24:03.721Z> [Notice] <Actor Death> CActor::Kill: 'Lt_Crosby' [5566542605615] in zone 'OOC_Stanton_2a_Cellin' killed by 'Mr_Azai' [202139717633] using 'klwe_smg_energy_01_6490618267060' [Class klwe_smg_energy_01] with damage type 'Bullet' from direction x: -0.944254, y: -0.322151, z: -0.067847 [Team_ActorTech][Actor]"
"2025-10-04T18:25:20.826Z","C:\Program Files\Roberts Space Industries\StarCitizen\LIVE\logbackups\Game Build(10380617) 04 Oct 25 (11 09 20).log","2133","Lt_Crosby","Bl1ng","volt_rifle_energy_01_blue01_6490618267307","<2025-10-04T18:25:20.826Z> [Notice] <Actor Death> CActor::Kill: 'Lt_Crosby' [5566542605615] in zone 'OOC_Stanton_2a_Cellin' killed by 'Bl1ng' [245019999578] using 'volt_rifle_energy_01_blue01_6490618267307' [Class volt_rifle_energy_01_blue01] with damage type 'Bullet' from direction x: 0.196517, y: -0.978569, z: -0.061504 [Team_ActorTech][Actor]"
"2025-10-04T18:25:43.663Z","C:\Program Files\Roberts Space Industries\StarCitizen\LIVE\logbackups\Game Build(10380617) 04 Oct 25 (11 09 20).log","2165","Lt_Crosby","THEAvengerA7X","volt_smg_energy_01_6490618267393","<2025-10-04T18:25:43.663Z> [Notice] <Actor Death> CActor::Kill: 'Lt_Crosby' [5566542605615] in zone 'OOC_Stanton_2a_Cellin' killed by 'THEAvengerA7X' [2142658541573] using 'volt_smg_energy_01_6490618267393' [Class volt_smg_energy_01] with damage type 'ElectricArc' from direction x: 0.263088, y: -0.960101, z: -0.094825 [Team_ActorTech][Actor]"
"2025-10-04T18:26:10.960Z","C:\Program Files\Roberts Space Industries\StarCitizen\LIVE\logbackups\Game Build(10380617) 04 Oct 25 (11 09 20).log","2200","Lt_Crosby","Mando012","behr_smg_ballistic_01_iae2201_6490618267485","<2025-10-04T18:26:10.960Z> [Notice] <Actor Death> CActor::Kill: 'Lt_Crosby' [5566542605615] in zone 'OOC_Stanton_2a_Cellin' killed by 'Mando012' [1797091944173] using 'behr_smg_ballistic_01_iae2201_6490618267485' [Class behr_smg_ballistic_01_iae2201] with damage type 'Bullet' from direction x: 0.986364, y: 0.162398, z: -0.026695 [Team_ActorTech][Actor]"
"2025-10-04T18:26:23.290Z","C:\Program Files\Roberts Space Industries\StarCitizen\LIVE\logbackups\Game Build(10380617) 04 Oct 25 (11 09 20).log","2223","Lt_Crosby","Jaxin_Deathunter","gmni_rifle_ballistic_01_6490618265705","<2025-10-04T18:26:23.290Z> [Notice] <Actor Death> CActor::Kill: 'Lt_Crosby' [5566542605615] in zone 'OOC_Stanton_2a_Cellin' killed by 'Jaxin_Deathunter' [202035317530] using 'gmni_rifle_ballistic_01_6490618265705' [Class gmni_rifle_ballistic_01] with damage type 'Bullet' from direction x: -0.045936, y: -0.998944, z: -0.000968 [Team_ActorTech][Actor]"
"2025-10-04T18:26:37.871Z","C:\Program Files\Roberts Space Industries\StarCitizen\LIVE\logbackups\Game Build(10380617) 04 Oct 25 (11 09 20).log","2246","Lt_Crosby","Mr_Azai","klwe_smg_energy_01_6490618267374","<2025-10-04T18:26:37.871Z> [Notice] <Actor Death> CActor::Kill: 'Lt_Crosby' [5566542605615] in zone 'OOC_Stanton_2a_Cellin' killed by 'Mr_Azai' [202139717633] using 'klwe_smg_energy_01_6490618267374' [Class klwe_smg_energy_01] with damage type 'Bullet' from direction x: 0.807739, y: -0.588740, z: -0.030710 [Team_ActorTech][Actor]"
"2025-10-04T18:27:54.808Z","C:\Program Files\Roberts Space Industries\StarCitizen\LIVE\logbackups\Game Build(10380617) 04 Oct 25 (11 09 20).log","2568","Lt_Crosby","Jaxin_Deathunter","gmni_rifle_ballistic_01_6490819741727","<2025-10-04T18:27:54.808Z> [Notice] <Actor Death> CActor::Kill: 'Lt_Crosby' [5566542605615] in zone 'SolarSystem_6490819737984' killed by 'Jaxin_Deathunter' [202035317530] using 'gmni_rifle_ballistic_01_6490819741727' [Class gmni_rifle_ballistic_01] with damage type 'Bullet' from direction x: 0.229437, y: 0.971737, z: -0.055548 [Team_ActorTech][Actor]"
"2025-10-04T18:28:18.531Z","C:\Program Files\Roberts Space Industries\StarCitizen\LIVE\logbackups\Game Build(10380617) 04 Oct 25 (11 09 20).log","2590","Lt_Crosby","IFPH-JETWING","klwe_pistol_energy_01_6490819741740","<2025-10-04T18:28:18.531Z> [Notice] <Actor Death> CActor::Kill: 'Lt_Crosby' [5566542605615] in zone 'SolarSystem_6490819737984' killed by 'IFPH-JETWING' [245019997046] using 'klwe_pistol_energy_01_6490819741740' [Class klwe_pistol_energy_01] with damage type 'Bullet' from direction x: 0.297402, y: 0.954644, z: -0.014402 [Team_ActorTech][Actor]"
"2025-10-04T18:29:14.813Z","C:\Program Files\Roberts Space Industries\StarCitizen\LIVE\logbackups\Game Build(10380617) 04 Oct 25 (11 09 20).log","2626","Lt_Crosby","IFPH-JETWING","klwe_pistol_energy_01_6490819741861","<2025-10-04T18:29:14.813Z> [Notice] <Actor Death> CActor::Kill: 'Lt_Crosby' [5566542605615] in zone 'SolarSystem_6490819737984' killed by 'IFPH-JETWING' [245019997046] using 'klwe_pistol_energy_01_6490819741861' [Class klwe_pistol_energy_01] with damage type 'Bullet' from direction x: -0.997957, y: -0.060097, z: -0.021706 [Team_ActorTech][Actor]"
"2025-10-04T18:30:29.279Z","C:\Program Files\Roberts Space Industries\StarCitizen\LIVE\logbackups\Game Build(10380617) 04 Oct 25 (11 09 20).log","2697","Lt_Crosby","IFPH-JETWING","unknown","<2025-10-04T18:30:29.279Z> [Notice] <Actor Death> CActor::Kill: 'Lt_Crosby' [5566542605615] in zone 'SolarSystem_6490819737984' killed by 'IFPH-JETWING' [245019997046] using 'unknown' [Class unknown] with damage type 'BleedOut' from direction x: 0.000000, y: 0.000000, z: 0.000000 [Team_ActorTech][Actor]"
"2025-10-04T18:31:10.347Z","C:\Program Files\Roberts Space Industries\StarCitizen\LIVE\logbackups\Game Build(10380617) 04 Oct 25 (11 09 20).log","2736","Lt_Crosby","THEAvengerA7X","volt_smg_energy_01_6490819741849","<2025-10-04T18:31:10.347Z> [Notice] <Actor Death> CActor::Kill: 'Lt_Crosby' [5566542605615] in zone 'SolarSystem_6490819737984' killed by 'THEAvengerA7X' [2142658541573] using 'volt_smg_energy_01_6490819741849' [Class volt_smg_energy_01] with damage type 'ElectricArc' from direction x: 0.936878, y: 0.348487, z: -0.028579 [Team_ActorTech][Actor]"
"2025-10-04T18:31:25.037Z","C:\Program Files\Roberts Space Industries\StarCitizen\LIVE\logbackups\Game Build(10380617) 04 Oct 25 (11 09 20).log","2763","Lt_Crosby","Bios","volt_rifle_energy_01_black01_6490819742084","<2025-10-04T18:31:25.037Z> [Notice] <Actor Death> CActor::Kill: 'Lt_Crosby' [5566542605615] in zone 'SolarSystem_6490819737984' killed by 'Bios' [202035298035] using 'volt_rifle_energy_01_black01_6490819742084' [Class volt_rifle_energy_01_black01] with damage type 'ElectricArc' from direction x: 0.430539, y: 0.895249, z: -0.114745 [Team_ActorTech][Actor]"
"2025-10-04T18:32:14.181Z","C:\Program Files\Roberts Space Industries\StarCitizen\LIVE\logbackups\Game Build(10380617) 04 Oct 25 (11 09 20).log","2799","Lt_Crosby","Bl1ng","volt_rifle_energy_01_blue01_6490819742164","<2025-10-04T18:32:14.181Z> [Notice] <Actor Death> CActor::Kill: 'Lt_Crosby' [5566542605615] in zone 'SolarSystem_6490819737984' killed by 'Bl1ng' [245019999578] using 'volt_rifle_energy_01_blue01_6490819742164' [Class volt_rifle_energy_01_blue01] with damage type 'ElectricArc' from direction x: -0.684146, y: 0.728576, z: -0.033487 [Team_ActorTech][Actor]"
"2025-10-04T18:32:43.475Z","C:\Program Files\Roberts Space Industries\StarCitizen\LIVE\logbackups\Game Build(10380617) 04 Oct 25 (11 09 20).log","2838","Lt_Crosby","IFPH-JETWING","klwe_pistol_energy_01_6490819742310","<2025-10-04T18:32:43.475Z> [Notice] <Actor Death> CActor::Kill: 'Lt_Crosby' [5566542605615] in zone 'SolarSystem_6490819737984' killed by 'IFPH-JETWING' [245019997046] using 'klwe_pistol_energy_01_6490819742310' [Class klwe_pistol_energy_01] with damage type 'Bullet' from direction x: 0.480636, y: 0.876916, z: 0.002693 [Team_ActorTech][Actor]"
"2025-10-04T18:33:15.704Z","C:\Program Files\Roberts Space Industries\StarCitizen\LIVE\logbackups\Game Build(10380617) 04 Oct 25 (11 09 20).log","2881","Lt_Crosby","THEAvengerA7X","volt_smg_energy_01_6490819742396","<2025-10-04T18:33:15.704Z> [Notice] <Actor Death> CActor::Kill: 'Lt_Crosby' [5566542605615] in zone 'SolarSystem_6490819737984' killed by 'THEAvengerA7X' [2142658541573] using 'volt_smg_energy_01_6490819742396' [Class volt_smg_energy_01] with damage type 'ElectricArc' from direction x: -0.659584, y: 0.719416, z: -0.217693 [Team_ActorTech][Actor]"
"2025-10-04T18:33:34.244Z","C:\Program Files\Roberts Space Industries\StarCitizen\LIVE\logbackups\Game Build(10380617) 04 Oct 25 (11 09 20).log","2903","Lt_Crosby","Bios","volt_rifle_energy_01_black01_6490819742421","<2025-10-04T18:33:34.244Z> [Notice] <Actor Death> CActor::Kill: 'Lt_Crosby' [5566542605615] in zone 'SolarSystem_6490819737984' killed by 'Bios' [202035298035] using 'volt_rifle_energy_01_black01_6490819742421' [Class volt_rifle_energy_01_black01] with damage type 'Bullet' from direction x: -0.546311, y: 0.773238, z: -0.321942 [Team_ActorTech][Actor]"
"2025-10-04T18:33:58.318Z","C:\Program Files\Roberts Space Industries\StarCitizen\LIVE\logbackups\Game Build(10380617) 04 Oct 25 (11 09 20).log","2932","Lt_Crosby","IFPH-JETWING","klwe_pistol_energy_01_6490819742424","<2025-10-04T18:33:58.318Z> [Notice] <Actor Death> CActor::Kill: 'Lt_Crosby' [5566542605615] in zone 'SolarSystem_6490819737984' killed by 'IFPH-JETWING' [245019997046] using 'klwe_pistol_energy_01_6490819742424' [Class klwe_pistol_energy_01] with damage type 'Bullet' from direction x: 0.993945, y: -0.059415, z: 0.092429 [Team_ActorTech][Actor]"
"2025-10-04T18:34:25.842Z","C:\Program Files\Roberts Space Industries\StarCitizen\LIVE\logbackups\Game Build(10380617) 04 Oct 25 (11 09 20).log","2961","Lt_Crosby","squagor","behr_rifle_ballistic_01_6490819742558","<2025-10-04T18:34:25.842Z> [Notice] <Actor Death> CActor::Kill: 'Lt_Crosby' [5566542605615] in zone 'SolarSystem_6490819737984' killed by 'squagor' [2295126856065] using 'behr_rifle_ballistic_01_6490819742558' [Class behr_rifle_ballistic_01] with damage type 'Bullet' from direction x: -0.892196, y: 0.444689, z: -0.078980 [Team_ActorTech][Actor]"
"2025-10-04T18:35:23.750Z","C:\Program Files\Roberts Space Industries\StarCitizen\LIVE\logbackups\Game Build(10380617) 04 Oct 25 (11 09 20).log","3001","Lt_Crosby","IFPH-JETWING","klwe_pistol_energy_01_6490819742660","<2025-10-04T18:35:23.750Z> [Notice] <Actor Death> CActor::Kill: 'Lt_Crosby' [5566542605615] in zone 'SolarSystem_6490819737984' killed by 'IFPH-JETWING' [245019997046] using 'klwe_pistol_energy_01_6490819742660' [Class klwe_pistol_energy_01] with damage type 'Bullet' from direction x: 0.451753, y: 0.891463, z: -0.034822 [Team_ActorTech][Actor]"
"2025-10-04T18:36:02.988Z","C:\Program Files\Roberts Space Industries\StarCitizen\LIVE\logbackups\Game Build(10380617) 04 Oct 25 (11 09 20).log","3029","Lt_Crosby","THEAvengerA7X","volt_smg_energy_01_6490819742668","<2025-10-04T18:36:02.988Z> [Notice] <Actor Death> CActor::Kill: 'Lt_Crosby' [5566542605615] in zone 'SolarSystem_6490819737984' killed by 'THEAvengerA7X' [2142658541573] using 'volt_smg_energy_01_6490819742668' [Class volt_smg_energy_01] with damage type 'ElectricArc' from direction x: -0.830358, y: -0.546541, z: -0.108618 [Team_ActorTech][Actor]"
"2025-10-04T18:36:39.112Z","C:\Program Files\Roberts Space Industries\StarCitizen\LIVE\logbackups\Game Build(10380617) 04 Oct 25 (11 09 20).log","3063","Lt_Crosby","THEAvengerA7X","volt_smg_energy_01_6490819742803","<2025-10-04T18:36:39.112Z> [Notice] <Actor Death> CActor::Kill: 'Lt_Crosby' [5566542605615] in zone 'SolarSystem_6490819737984' killed by 'THEAvengerA7X' [2142658541573] using 'volt_smg_energy_01_6490819742803' [Class volt_smg_energy_01] with damage type 'ElectricArc' from direction x: 0.951970, y: -0.272439, z: -0.139752 [Team_ActorTech][Actor]"
"2025-10-04T18:37:16.842Z","C:\Program Files\Roberts Space Industries\StarCitizen\LIVE\logbackups\Game Build(10380617) 04 Oct 25 (11 09 20).log","3095","Lt_Crosby","squagor","behr_rifle_ballistic_01_6490819742824","<2025-10-04T18:37:16.842Z> [Notice] <Actor Death> CActor::Kill: 'Lt_Crosby' [5566542605615] in zone 'SolarSystem_6490819737984' killed by 'squagor' [2295126856065] using 'behr_rifle_ballistic_01_6490819742824' [Class behr_rifle_ballistic_01] with damage type 'Bullet' from direction x: -0.790636, y: 0.608971, z: -0.063634 [Team_ActorTech][Actor]"
"2025-10-04T22:59:56.982Z","C:\Program Files\Roberts Space Industries\StarCitizen\LIVE\logbackups\Game Build(10380617) 04 Oct 25 (15 40 24).log","2259","Lt_Crosby","unknown","unknown","<2025-10-04T22:59:56.982Z> [Notice] <Actor Death> CActor::Kill: 'Lt_Crosby' [5566542605615] in zone 'MISC_Hull_C_6492490025615' killed by 'unknown' [0] using 'unknown' [Class unknown] with damage type 'Crash' from direction x: 0.000000, y: 0.000000, z: 0.000000 [Team_ActorTech][Actor]"
"2025-10-05T01:19:41.521Z","C:\Program Files\Roberts Space Industries\StarCitizen\LIVE\logbackups\Game Build(10380617) 04 Oct 25 (17 15 50).log","5069","Lt_Crosby","Lt_Crosby","Lt_Crosby","<2025-10-05T01:19:41.521Z> [Notice] <Actor Death> CActor::Kill: 'Lt_Crosby' [5566542605615] in zone 'Hangar_SmallTop_RestStop_6490746675660' killed by 'Lt_Crosby' [5566542605615] using 'Lt_Crosby' [Class Player] with damage type 'Suicide' from direction x: 0.000000, y: 0.000000, z: 0.000000 [Team_ActorTech][Actor]"
"2025-10-05T15:37:27.851Z","C:\Program Files\Roberts Space Industries\StarCitizen\LIVE\logbackups\Game Build(10380617) 05 Oct 25 (06 51 04).log","7739","Lt_Crosby","Lt_Crosby","Lt_Crosby","<2025-10-05T15:37:27.851Z> [Notice] <Actor Death> CActor::Kill: 'Lt_Crosby' [5566542605615] in zone 'OOC_Stanton_1c_Magda' killed by 'Lt_Crosby' [5566542605615] using 'Lt_Crosby' [Class Player] with damage type 'Suicide' from direction x: 0.000000, y: 0.000000, z: 0.000000 [Team_ActorTech][Actor]"
"2025-10-05T17:26:40.569Z","C:\Program Files\Roberts Space Industries\StarCitizen\LIVE\logbackups\Game Build(10380617) 05 Oct 25 (06 51 04).log","14599","Lt_Crosby","Lt_Crosby","unknown","<2025-10-05T17:26:40.569Z> [Notice] <Actor Death> CActor::Kill: 'Lt_Crosby' [5566542605615] in zone 'MISC_Hull_C_6511867859650' killed by 'Lt_Crosby' [5566542605615] using 'unknown' [Class unknown] with damage type 'SelfDestruct' from direction x: 0.000000, y: 0.000000, z: 0.000000 [Team_ActorTech][Actor]"
"2025-10-06T01:12:55.018Z","C:\Program Files\Roberts Space Industries\StarCitizen\LIVE\logbackups\Game Build(10380617) 05 Oct 25 (17 01 47).log","2347","Lt_Crosby","unknown","unknown","<2025-10-06T01:12:55.018Z> [Notice] <Actor Death> CActor::Kill: 'Lt_Crosby' [5566542605615] in zone 'MISC_Hull_C_6513172255464' killed by 'unknown' [0] using 'unknown' [Class unknown] with damage type 'Crash' from direction x: 0.000000, y: 0.000000, z: 0.000000 [Team_ActorTech][Actor]"
"2025-10-06T02:11:08.224Z","C:\Program Files\Roberts Space Industries\StarCitizen\LIVE\logbackups\Game Build(10380617) 05 Oct 25 (17 01 47).log","4540","Lt_Crosby","Lt_Crosby","unknown","<2025-10-06T02:11:08.224Z> [Notice] <Actor Death> CActor::Kill: 'Lt_Crosby' [5566542605615] in zone 'ANVL_Arrow_6496351456702' killed by 'Lt_Crosby' [5566542605615] using 'unknown' [Class unknown] with damage type 'Crash' from direction x: 0.000000, y: 0.000000, z: 0.000000 [Team_ActorTech][Actor]"
"2025-10-08T04:18:46.724Z","C:\Program Files\Roberts Space Industries\StarCitizen\LIVE\logbackups\Game Build(10392434) 07 Oct 25 (19 24 20).log","6943","Lt_Crosby","unknown","unknown","<2025-10-08T04:18:46.724Z> [Notice] <Actor Death> CActor::Kill: 'Lt_Crosby' [5566542605615] in zone 'MISC_Hull_C_6496351450758' killed by 'unknown' [0] using 'unknown' [Class unknown] with damage type 'Crash' from direction x: 0.000000, y: 0.000000, z: 0.000000 [Team_ActorTech][Actor]"
"2025-10-11T06:14:38.765Z","C:\Program Files\Roberts Space Industries\StarCitizen\LIVE\logbackups\Game Build(10392434) 10 Oct 25 (21 03 00).log","5904","Lt_Crosby","MinTerx","AMRS_LaserCannon_S4_6625938071054","<2025-10-11T06:14:38.765Z> [Notice] <Actor Death> CActor::Kill: 'Lt_Crosby' [5566542605615] in zone 'ANVL_Hornet_F7CS_Mk2_6611004647767' killed by 'MinTerx' [3798552341323] using 'AMRS_LaserCannon_S4_6625938071054' [Class unknown] with damage type 'VehicleDestruction' from direction x: 0.000000, y: 0.000000, z: 0.000000 [Team_ActorTech][Actor]"
"2025-10-12T18:59:25.169Z","C:\Program Files\Roberts Space Industries\StarCitizen\LIVE\logbackups\Game Build(10392434) 12 Oct 25 (08 55 35).log","18236","Lt_Crosby","Lt_Crosby","unknown","<2025-10-12T18:59:25.169Z> [Notice] <Actor Death> CActor::Kill: 'Lt_Crosby' [5566542605615] in zone 'MISC_Hull_C_6624520520550' killed by 'Lt_Crosby' [5566542605615] using 'unknown' [Class unknown] with damage type 'SelfDestruct' from direction x: 0.000000, y: 0.000000, z: 0.000000 [Team_ActorTech][Actor]"
"2025-10-12T19:45:52.789Z","C:\Program Files\Roberts Space Industries\StarCitizen\LIVE\logbackups\Game Build(10392434) 12 Oct 25 (08 55 35).log","26041","Lt_Crosby","Hazard-008","Hazard-008","<2025-10-12T19:45:52.789Z> [Notice] <Actor Death> CActor::Kill: 'Lt_Crosby' [5566542605615] in zone 'ObjectContainer-ugf_lta_a_0002' killed by 'Hazard-008' [6311925980620] using 'Hazard-008' [Class unknown] with damage type 'Hazard' from direction x: 0.000000, y: 0.000000, z: 0.000000 [Team_ActorTech][Actor]"
"2025-10-12T20:08:40.080Z","C:\Program Files\Roberts Space Industries\StarCitizen\LIVE\logbackups\Game Build(10392434) 12 Oct 25 (08 55 35).log","27904","Lt_Crosby","Squaredhalo","HRST_LaserRepeater_S5_6656878593440","<2025-10-12T20:08:40.080Z> [Notice] <Actor Death> CActor::Kill: 'Lt_Crosby' [5566542605615] in zone 'KRIG_L21_Wolf_6657294512747' killed by 'Squaredhalo' [202113668804] using 'HRST_LaserRepeater_S5_6656878593440' [Class unknown] with damage type 'VehicleDestruction' from direction x: 0.000000, y: 0.000000, z: 0.000000 [Team_ActorTech][Actor]"
"2025-10-12T23:18:01.563Z","C:\Program Files\Roberts Space Industries\StarCitizen\LIVE\logbackups\Game Build(10392434) 12 Oct 25 (16 15 02).log","881","Lt_Crosby","Hazard-000","Hazard-000","<2025-10-12T23:18:01.563Z> [Notice] <Actor Death> CActor::Kill: 'Lt_Crosby' [5566542605615] in zone 'ObjectContainer-0002_INT' killed by 'Hazard-000' [6670238358529] using 'Hazard-000' [Class unknown] with damage type 'Hazard' from direction x: 0.000000, y: 0.000000, z: 0.000000 [Team_ActorTech][Actor]"
"2025-10-13T00:09:34.681Z","C:\Program Files\Roberts Space Industries\StarCitizen\LIVE\logbackups\Game Build(10392434) 12 Oct 25 (16 15 02).log","6870","Lt_Crosby","Lt_Crosby","Lt_Crosby","<2025-10-13T00:09:34.681Z> [Notice] <Actor Death> CActor::Kill: 'Lt_Crosby' [5566542605615] in zone 'ObjectContainer-ugf_lta_a_0001_drugs_int' killed by 'Lt_Crosby' [5566542605615] using 'Lt_Crosby' [Class Player] with damage type 'Suicide' from direction x: 0.000000, y: 0.000000, z: 0.000000 [Team_ActorTech][Actor]"
"2025-10-13T17:36:25.381Z","C:\Program Files\Roberts Space Industries\StarCitizen\LIVE\logbackups\Game Build(10392434) 13 Oct 25 (09 00 18).log","7401","Lt_Crosby","Lt_Crosby","unknown","<2025-10-13T17:36:25.381Z> [Notice] <Actor Death> CActor::Kill: 'Lt_Crosby' [5566542605615] in zone 'ANVL_Arrow_6662207101160' killed by 'Lt_Crosby' [5566542605615] using 'unknown' [Class unknown] with damage type 'Crash' from direction x: 0.000000, y: 0.000000, z: 0.000000 [Team_ActorTech][Actor]"
"2025-10-13T22:18:34.628Z","C:\Program Files\Roberts Space Industries\StarCitizen\LIVE\logbackups\Game Build(10392434) 13 Oct 25 (09 00 18).log","16949","Lt_Crosby","unknown","unknown","<2025-10-13T22:18:34.628Z> [Notice] <Actor Death> CActor::Kill: 'Lt_Crosby' [5566542605615] in zone 'ANVL_Arrow_6662207111455' killed by 'unknown' [0] using 'unknown' [Class unknown] with damage type 'Crash' from direction x: 0.000000, y: 0.000000, z: 0.000000 [Team_ActorTech][Actor]"
"2025-10-13T22:52:29.112Z","C:\Program Files\Roberts Space Industries\StarCitizen\LIVE\logbackups\Game Build(10392434) 13 Oct 25 (09 00 18).log","18699","Lt_Crosby","unknown","unknown","<2025-10-13T22:52:29.112Z> [Notice] <Actor Death> CActor::Kill: 'Lt_Crosby' [5566542605615] in zone 'rs_ext_cru-leo1' killed by 'unknown' [0] using 'unknown' [Class unknown] with damage type 'BleedOut' from direction x: 0.000000, y: 0.000000, z: 0.000000 [Team_ActorTech][Actor]"
"2025-10-13T23:40:38.689Z","C:\Program Files\Roberts Space Industries\StarCitizen\LIVE\logbackups\Game Build(10392434) 13 Oct 25 (09 00 18).log","23492","Lt_Crosby","Pacrowde87","gmni_lmg_ballistic_01_green_red01_6673546362933","<2025-10-13T23:40:38.689Z> [Notice] <Actor Death> CActor::Kill: 'Lt_Crosby' [5566542605615] in zone 'layout_int_lab_004' killed by 'Pacrowde87' [563008617194] using 'gmni_lmg_ballistic_01_green_red01_6673546362933' [Class gmni_lmg_ballistic_01_green_red01] with damage type 'Bullet' from direction x: -0.598911, y: -0.675431, z: -0.430231 [Team_ActorTech][Actor]"
"2025-10-14T01:20:38.560Z","C:\Program Files\Roberts Space Industries\StarCitizen\LIVE\logbackups\Game Build(10392434) 13 Oct 25 (09 00 18).log","32508","Lt_Crosby","Lt_Crosby","unknown","<2025-10-14T01:20:38.560Z> [Notice] <Actor Death> CActor::Kill: 'Lt_Crosby' [5566542605615] in zone 'RSI_Apollo_Medivac_6266000988302' killed by 'Lt_Crosby' [5566542605615] using 'unknown' [Class unknown] with damage type 'Crash' from direction x: 0.000000, y: 0.000000, z: 0.000000 [Team_ActorTech][Actor]"
"2025-10-14T03:27:17.123Z","C:\Program Files\Roberts Space Industries\StarCitizen\LIVE\logbackups\Game Build(10392434) 13 Oct 25 (20 13 15).log","2319","Lt_Crosby","Hazard-004","Hazard-004","<2025-10-14T03:27:17.123Z> [Notice] <Actor Death> CActor::Kill: 'Lt_Crosby' [5566542605615] in zone 'p2l4_contestedzone' killed by 'Hazard-004' [6441590713959] using 'Hazard-004' [Class unknown] with damage type 'Hazard' from direction x: 0.000000, y: 0.000000, z: 0.000000 [Team_ActorTech][Actor]"
"2025-10-19T05:02:33.120Z","C:\Program Files\Roberts Space Industries\StarCitizen\LIVE\logbackups\Game Build(10452200) 18 Oct 25 (21 24 42).log","2604","Lt_Crosby","Lt_Crosby","Lt_Crosby","<2025-10-19T05:02:33.120Z> [Notice] <Actor Death> CActor::Kill: 'Lt_Crosby' [5566542605615] in zone 'layout_int_power_001' killed by 'Lt_Crosby' [5566542605615] using 'Lt_Crosby' [Class Player] with damage type 'Suicide' from direction x: 0.000000, y: 0.000000, z: 0.000000 [Team_ActorTech][Actor]"
"2025-10-19T16:42:42.096Z","C:\Program Files\Roberts Space Industries\StarCitizen\LIVE\logbackups\Game Build(10452200) 19 Oct 25 (09 15 12).log","2446","Lt_Crosby","Lt_Crosby","Lt_Crosby","<2025-10-19T16:42:42.096Z> [Notice] <Actor Death> CActor::Kill: 'Lt_Crosby' [5566542605615] in zone 'OOC_Stanton_4_Microtech' killed by 'Lt_Crosby' [5566542605615] using 'Lt_Crosby' [Class Player] with damage type 'Suicide' from direction x: 0.000000, y: 0.000000, z: 0.000000 [Team_ActorTech][Actor]"
"2025-10-20T03:03:30.357Z","C:\Program Files\Roberts Space Industries\StarCitizen\LIVE\logbackups\Game Build(10480022) 19 Oct 25 (15 11 25).log","25305","Lt_Crosby","SofaKing-1337","MRCK_S09_AEGS_Eclipse_6836585582394","<2025-10-20T03:03:30.357Z> [Notice] <Actor Death> CActor::Kill: 'Lt_Crosby' [5566542605615] in zone 'RSI_Polaris_6843512679795' killed by 'SofaKing-1337' [215423953853] using 'MRCK_S09_AEGS_Eclipse_6836585582394' [Class unknown] with damage type 'VehicleDestruction' from direction x: 0.000000, y: 0.000000, z: 0.000000 [Team_ActorTech][Actor]"
"2025-10-21T04:13:09.247Z","C:\Program Files\Roberts Space Industries\StarCitizen\LIVE\logbackups\Game Build(10480022) 20 Oct 25 (19 44 24).log","6007","Lt_Crosby","Hazard_Toggleable_Effects_Physical","Hazard_Toggleable_Effects_Physical","<2025-10-21T04:13:09.247Z> [Notice] <Actor Death> CActor::Kill: 'Lt_Crosby' [5566542605615] in zone 'layout_int_science_001' killed by 'Hazard_Toggleable_Effects_Physical' [6739042045072] using 'Hazard_Toggleable_Effects_Physical' [Class unknown] with damage type 'Hazard' from direction x: 0.000000, y: 0.000000, z: 0.000000 [Team_ActorTech][Actor]"
"2025-10-21T04:59:30.383Z","C:\Program Files\Roberts Space Industries\StarCitizen\LIVE\logbackups\Game Build(10480022) 20 Oct 25 (19 44 24).log","9107","Lt_Crosby","Hazard_Toggleable_Effects_Physical","Hazard_Toggleable_Effects_Physical","<2025-10-21T04:59:30.383Z> [Notice] <Actor Death> CActor::Kill: 'Lt_Crosby' [5566542605615] in zone 'layout_int_science_001' killed by 'Hazard_Toggleable_Effects_Physical' [6739042045072] using 'Hazard_Toggleable_Effects_Physical' [Class unknown] with damage type 'Hazard' from direction x: 0.000000, y: 0.000000, z: 0.000000 [Team_ActorTech][Actor]"
"2025-11-02T03:46:32.694Z","C:\Program Files\Roberts Space Industries\StarCitizen\LIVE\logbackups\Game Build(10487514) 01 Nov 25 (19 38 50).log","4344","Lt_Crosby","Lt_Crosby","Lt_Crosby","<2025-11-02T03:46:32.694Z> [Notice] <Actor Death> CActor::Kill: 'Lt_Crosby' [5566542605615] in zone 'Hangar_SmallTop_RestStop_7174938895211' killed by 'Lt_Crosby' [5566542605615] using 'Lt_Crosby' [Class Player] with damage type 'Suicide' from direction x: 0.000000, y: 0.000000, z: 0.000000 [Team_ActorTech][Actor]"
"2025-11-02T05:58:14.172Z","C:\Program Files\Roberts Space Industries\StarCitizen\LIVE\logbackups\Game Build(10487514) 01 Nov 25 (19 38 50).log","12502","Lt_Crosby","Lt_Crosby","Lt_Crosby","<2025-11-02T05:58:14.172Z> [Notice] <Actor Death> CActor::Kill: 'Lt_Crosby' [5566542605615] in zone 'asd_labresearch_int_01a' killed by 'Lt_Crosby' [5566542605615] using 'Lt_Crosby' [Class Player] with damage type 'Suicide' from direction x: 0.000000, y: 0.000000, z: 0.000000 [Team_ActorTech][Actor]"
"2025-11-02T06:28:26.058Z","C:\Program Files\Roberts Space Industries\StarCitizen\LIVE\logbackups\Game Build(10487514) 01 Nov 25 (19 38 50).log","14672","Lt_Crosby","Lt_Crosby","Lt_Crosby","<2025-11-02T06:28:26.058Z> [Notice] <Actor Death> CActor::Kill: 'Lt_Crosby' [5566542605615] in zone 'pyro1' killed by 'Lt_Crosby' [5566542605615] using 'Lt_Crosby' [Class Player] with damage type 'Suicide' from direction x: 0.000000, y: 0.000000, z: 0.000000 [Team_ActorTech][Actor]"
"2025-11-02T22:20:53.148Z","C:\Program Files\Roberts Space Industries\StarCitizen\LIVE\logbackups\Game Build(10487514) 02 Nov 25 (08 25 01).log","80326","Lt_Crosby","Lt_Crosby","Lt_Crosby","<2025-11-02T22:20:53.148Z> [Notice] <Actor Death> CActor::Kill: 'Lt_Crosby' [5566542605615] in zone 'ab_mine_stanton4_med_011' killed by 'Lt_Crosby' [5566542605615] using 'Lt_Crosby' [Class Player] with damage type 'Suicide' from direction x: 0.000000, y: 0.000000, z: 0.000000 [Team_ActorTech][Actor]"
"2025-11-02T22:57:39.736Z","C:\Program Files\Roberts Space Industries\StarCitizen\LIVE\logbackups\Game Build(10487514) 02 Nov 25 (08 25 01).log","129225","Lt_Crosby","Lt_Crosby","Lt_Crosby","<2025-11-02T22:57:39.736Z> [Notice] <Actor Death> CActor::Kill: 'Lt_Crosby' [5566542605615] in zone 'ab_mine_stanton4_med_007' killed by 'Lt_Crosby' [5566542605615] using 'Lt_Crosby' [Class Player] with damage type 'Suicide' from direction x: 0.000000, y: 0.000000, z: 0.000000 [Team_ActorTech][Actor]"
"2025-11-02T23:05:33.058Z","C:\Program Files\Roberts Space Industries\StarCitizen\LIVE\logbackups\Game Build(10487514) 02 Nov 25 (08 25 01).log","130212","Lt_Crosby","Lt_Crosby","Lt_Crosby","<2025-11-02T23:05:33.058Z> [Notice] <Actor Death> CActor::Kill: 'Lt_Crosby' [5566542605615] in zone 'ab_mine_stanton4_med_007' killed by 'Lt_Crosby' [5566542605615] using 'Lt_Crosby' [Class Player] with damage type 'Suicide' from direction x: 0.000000, y: 0.000000, z: 0.000000 [Team_ActorTech][Actor]"
"2025-11-03T00:09:40.221Z","C:\Program Files\Roberts Space Industries\StarCitizen\LIVE\logbackups\Game Build(10487514) 02 Nov 25 (08 25 01).log","181454","Lt_Crosby","Lt_Crosby","Lt_Crosby","<2025-11-03T00:09:40.221Z> [Notice] <Actor Death> CActor::Kill: 'Lt_Crosby' [5566542605615] in zone 'ab_mine_stanton4_med_008' killed by 'Lt_Crosby' [5566542605615] using 'Lt_Crosby' [Class Player] with damage type 'Suicide' from direction x: 0.000000, y: 0.000000, z: 0.000000 [Team_ActorTech][Actor]"
"2025-11-03T05:04:02.537Z","C:\Program Files\Roberts Space Industries\StarCitizen\LIVE\logbackups\Game Build(10487514) 02 Nov 25 (20 26 59).log","3394","Lt_Crosby","Dendrobium","volt_rifle_energy_01_tint01_7189143365433","<2025-11-03T05:04:02.537Z> [Notice] <Actor Death> CActor::Kill: 'Lt_Crosby' [5566542605615] in zone 'rs_opendungeon_rund_002' killed by 'Dendrobium' [202035062221] using 'volt_rifle_energy_01_tint01_7189143365433' [Class volt_rifle_energy_01_tint01] with damage type 'ElectricArc' from direction x: 0.892907, y: 0.160151, z: -0.420796 [Team_ActorTech][Actor]"
"2025-11-03T05:13:21.788Z","C:\Program Files\Roberts Space Industries\StarCitizen\LIVE\logbackups\Game Build(10487514) 02 Nov 25 (20 26 59).log","4048","Lt_Crosby","Lt_Crosby","Lt_Crosby","<2025-11-03T05:13:21.788Z> [Notice] <Actor Death> CActor::Kill: 'Lt_Crosby' [5566542605615] in zone 'rs_opendungeon_rund_002' killed by 'Lt_Crosby' [5566542605615] using 'Lt_Crosby' [Class Player] with damage type 'Suicide' from direction x: 0.000000, y: 0.000000, z: 0.000000 [Team_ActorTech][Actor]"
"2025-11-03T06:38:55.068Z","C:\Program Files\Roberts Space Industries\StarCitizen\LIVE\logbackups\Game Build(10487514) 02 Nov 25 (20 26 59).log","7181","Lt_Crosby","thejackal2000","unknown","<2025-11-03T06:38:55.068Z> [Notice] <Actor Death> CActor::Kill: 'Lt_Crosby' [5566542605615] in zone 'CRUS_Intrepid_Collector_Indust_7189143408552' killed by 'thejackal2000' [5288136175262] using 'unknown' [Class unknown] with damage type 'Crash' from direction x: 0.000000, y: 0.000000, z: 0.000000 [Team_ActorTech][Actor]"
"2025-11-03T16:38:56.202Z","C:\Program Files\Roberts Space Industries\StarCitizen\LIVE\logbackups\Game Build(10487514) 03 Nov 25 (08 33 54).log","1222","Lt_Crosby","Lt_Crosby","Lt_Crosby","<2025-11-03T16:38:56.202Z> [Notice] <Actor Death> CActor::Kill: 'Lt_Crosby' [5566542605615] in zone 'rs_int_p3leo' killed by 'Lt_Crosby' [5566542605615] using 'Lt_Crosby' [Class Player] with damage type 'Suicide' from direction x: 0.000000, y: 0.000000, z: 0.000000 [Team_ActorTech][Actor]"
"2025-10-24T06:08:56.433Z","C:\Program Files\Roberts Space Industries\StarCitizen\LIVE\logbackups\Game Build(10487514) 23 Oct 25 (22 35 06).log","2962","Lt_Crosby","Boytaz325b","behr_lmg_ballistic_01_6916004700302","<2025-10-24T06:08:56.433Z> [Notice] <Actor Death> CActor::Kill: 'Lt_Crosby' [5566542605615] in zone 'rs_opendungeon_rund_002' killed by 'Boytaz325b' [200146292218] using 'behr_lmg_ballistic_01_6916004700302' [Class behr_lmg_ballistic_01] with damage type 'Bullet' from direction x: 0.163561, y: 0.986228, z: -0.024535 [Team_ActorTech][Actor]"
"2025-10-24T06:19:18.433Z","C:\Program Files\Roberts Space Industries\StarCitizen\LIVE\logbackups\Game Build(10487514) 23 Oct 25 (23 15 59).log","1067","Lt_Crosby","DashingDeceiver","none_rifle_multi_01_6934497704925","<2025-10-24T06:19:18.433Z> [Notice] <Actor Death> CActor::Kill: 'Lt_Crosby' [5566542605615] in zone 'rs_opendungeon_rund_002' killed by 'DashingDeceiver' [372390466134] using 'none_rifle_multi_01_6934497704925' [Class none_rifle_multi_01] with damage type 'Bullet' from direction x: -0.495902, y: -0.655342, z: -0.569743 [Team_ActorTech][Actor]"
"2025-10-25T02:34:32.890Z","C:\Program Files\Roberts Space Industries\StarCitizen\LIVE\logbackups\Game Build(10487514) 24 Oct 25 (17 30 41).log","10641","Lt_Crosby","Eydon","MRCK_S10_RSI_Polaris_Torpedo_rt_6968070620379","<2025-10-25T02:34:32.890Z> [Notice] <Actor Death> CActor::Kill: 'Lt_Crosby' [5566542605615] in zone 'OOC_Stanton_2b_Daymar' killed by 'Eydon' [292458393297] using 'MRCK_S10_RSI_Polaris_Torpedo_rt_6968070620379' [Class MRCK_S10_RSI_Polaris_Torpedo_rt] with damage type 'Explosion' from direction x: -12.228452, y: 18.909214, z: 1.151175 [Team_ActorTech][Actor]"
"2025-10-25T04:04:51.185Z","C:\Program Files\Roberts Space Industries\StarCitizen\LIVE\logbackups\Game Build(10487514) 24 Oct 25 (17 30 41).log","37946","Lt_Crosby","PU_Pilots-Human-Criminal-Pilot_Light_6968123277793","unknown","<2025-10-25T04:04:51.185Z> [Notice] <Actor Death> CActor::Kill: 'Lt_Crosby' [5566542605615] in zone 'ANVL_Hornet_F7A_Mk1_6968068681450' killed by 'PU_Pilots-Human-Criminal-Pilot_Light_6968123277793' [6968123277793] using 'unknown' [Class unknown] with damage type 'Crash' from direction x: 0.000000, y: 0.000000, z: 0.000000 [Team_ActorTech][Actor]"
"2025-10-25T05:16:42.859Z","C:\Program Files\Roberts Space Industries\StarCitizen\LIVE\logbackups\Game Build(10487514) 24 Oct 25 (17 30 41).log","42074","Lt_Crosby","Br-Nightmare","behr_rifle_ballistic_01_black02_6929313959207","<2025-10-25T05:16:42.859Z> [Notice] <Actor Death> CActor::Kill: 'Lt_Crosby' [5566542605615] in zone 'RSI_Polaris_6968068676057' killed by 'Br-Nightmare' [202035291933] using 'behr_rifle_ballistic_01_black02_6929313959207' [Class behr_rifle_ballistic_01_black02] with damage type 'Bullet' from direction x: -0.924002, y: 0.368977, z: -0.100380 [Team_ActorTech][Actor]"
"2025-10-25T05:30:53.623Z","C:\Program Files\Roberts Space Industries\StarCitizen\LIVE\logbackups\Game Build(10487514) 24 Oct 25 (17 30 41).log","43539","Lt_Crosby","mindleak","RSI_Bespoke_BallisticCannon_A_6968071643393","<2025-10-25T05:30:53.623Z> [Notice] <Actor Death> CActor::Kill: 'Lt_Crosby' [5566542605615] in zone 'ANVL_Hurricane_6968068926723' killed by 'mindleak' [3435555950672] using 'RSI_Bespoke_BallisticCannon_A_6968071643393' [Class unknown] with damage type 'VehicleDestruction' from direction x: 0.000000, y: 0.000000, z: 0.000000 [Team_ActorTech][Actor]"
"2025-10-26T21:25:18.226Z","C:\Program Files\Roberts Space Industries\StarCitizen\LIVE\logbackups\Game Build(10487514) 26 Oct 25 (14 04 38).log","3612","Lt_Crosby","unknown","unknown","<2025-10-26T21:25:18.226Z> [Notice] <Actor Death> CActor::Kill: 'Lt_Crosby' [5566542605615] in zone 'ANVL_Arrow_6995005918205' killed by 'unknown' [0] using 'unknown' [Class unknown] with damage type 'Crash' from direction x: 0.000000, y: 0.000000, z: 0.000000 [Team_ActorTech][Actor]"
"2025-10-26T21:43:18.247Z","C:\Program Files\Roberts Space Industries\StarCitizen\LIVE\logbackups\Game Build(10487514) 26 Oct 25 (14 04 38).log","4390","Lt_Crosby","Lt_Crosby","unknown","<2025-10-26T21:43:18.247Z> [Notice] <Actor Death> CActor::Kill: 'Lt_Crosby' [5566542605615] in zone 'AEGS_Reclaimer_6791229755582' killed by 'Lt_Crosby' [5566542605615] using 'unknown' [Class unknown] with damage type 'Crash' from direction x: 0.000000, y: 0.000000, z: 0.000000 [Team_ActorTech][Actor]"
"2025-10-26T23:10:25.090Z","C:\Program Files\Roberts Space Industries\StarCitizen\LIVE\logbackups\Game Build(10487514) 26 Oct 25 (16 08 17).log","974","Lt_Crosby","P-Nyborg","none_lmg_ballistic_01_7030052431008","<2025-10-26T23:10:25.090Z> [Notice] <Actor Death> CActor::Kill: 'Lt_Crosby' [5566542605615] in zone 'planet' killed by 'P-Nyborg' [202113665935] using 'none_lmg_ballistic_01_7030052431008' [Class none_lmg_ballistic_01] with damage type 'Bullet' from direction x: -0.512371, y: 0.758837, z: -0.402048 [Team_ActorTech][Actor]"
"2025-10-26T23:10:55.052Z","C:\Program Files\Roberts Space Industries\StarCitizen\LIVE\logbackups\Game Build(10487514) 26 Oct 25 (16 08 17).log","997","Lt_Crosby","JoyBoy105","ksar_smg_energy_01_gold01_7030052430958","<2025-10-26T23:10:55.052Z> [Notice] <Actor Death> CActor::Kill: 'Lt_Crosby' [5566542605615] in zone 'planet' killed by 'JoyBoy105' [5496780361042] using 'ksar_smg_energy_01_gold01_7030052430958' [Class ksar_smg_energy_01_gold01] with damage type 'Bullet' from direction x: -0.030217, y: -0.540054, z: 0.841088 [Team_ActorTech][Actor]"
"2025-10-26T23:12:03.656Z","C:\Program Files\Roberts Space Industries\StarCitizen\LIVE\logbackups\Game Build(10487514) 26 Oct 25 (16 08 17).log","1033","Lt_Crosby","unknown","Lt_Crosby","<2025-10-26T23:12:03.656Z> [Notice] <Actor Death> CActor::Kill: 'Lt_Crosby' [5566542605615] in zone 'planet' killed by 'unknown' [0] using 'Lt_Crosby' [Class unknown] with damage type 'BoundaryViolation' from direction x: 0.000000, y: 0.000000, z: 0.000000 [Team_ActorTech][Actor]"
"2025-10-26T23:13:23.826Z","C:\Program Files\Roberts Space Industries\StarCitizen\LIVE\logbackups\Game Build(10487514) 26 Oct 25 (16 08 17).log","1097","Lt_Crosby","XBigzyX","none_rifle_multi_01_7030052430458","<2025-10-26T23:13:23.826Z> [Notice] <Actor Death> CActor::Kill: 'Lt_Crosby' [5566542605615] in zone 'planet' killed by 'XBigzyX' [3700776261905] using 'none_rifle_multi_01_7030052430458' [Class none_rifle_multi_01] with damage type 'Bullet' from direction x: 0.334185, y: -0.043352, z: -0.941510 [Team_ActorTech][Actor]"
"2025-10-26T23:14:09.734Z","C:\Program Files\Roberts Space Industries\StarCitizen\LIVE\logbackups\Game Build(10487514) 26 Oct 25 (16 08 17).log","1139","Lt_Crosby","CalamityBlack","none_lmg_ballistic_01_7030052431460","<2025-10-26T23:14:09.734Z> [Notice] <Actor Death> CActor::Kill: 'Lt_Crosby' [5566542605615] in zone 'planet' killed by 'CalamityBlack' [201990657755] using 'none_lmg_ballistic_01_7030052431460' [Class none_lmg_ballistic_01] with damage type 'Bullet' from direction x: -0.245070, y: 0.668242, z: -0.702419 [Team_ActorTech][Actor]"
"2025-10-26T23:14:48.566Z","C:\Program Files\Roberts Space Industries\StarCitizen\LIVE\logbackups\Game Build(10487514) 26 Oct 25 (16 08 17).log","1161","Lt_Crosby","TurtleGoat1","none_rifle_multi_01_7030052431300","<2025-10-26T23:14:48.566Z> [Notice] <Actor Death> CActor::Kill: 'Lt_Crosby' [5566542605615] in zone 'planet' killed by 'TurtleGoat1' [204269890234] using 'none_rifle_multi_01_7030052431300' [Class none_rifle_multi_01] with damage type 'Bullet' from direction x: 0.450010, y: -0.761611, z: 0.466304 [Team_ActorTech][Actor]"
"2025-10-26T23:15:26.161Z","C:\Program Files\Roberts Space Industries\StarCitizen\LIVE\logbackups\Game Build(10487514) 26 Oct 25 (16 08 17).log","1180","Lt_Crosby","EternalPanic","behr_rifle_ballistic_01_7030052431646","<2025-10-26T23:15:26.161Z> [Notice] <Actor Death> CActor::Kill: 'Lt_Crosby' [5566542605615] in zone 'planet' killed by 'EternalPanic' [5798842961587] using 'behr_rifle_ballistic_01_7030052431646' [Class behr_rifle_ballistic_01] with damage type 'Bullet' from direction x: -0.517621, y: 0.676163, z: -0.524283 [Team_ActorTech][Actor]"
"2025-10-26T23:16:13.337Z","C:\Program Files\Roberts Space Industries\StarCitizen\LIVE\logbackups\Game Build(10487514) 26 Oct 25 (16 08 17).log","1205","Lt_Crosby","GamerWolf8","volt_rifle_energy_01_7030052430769","<2025-10-26T23:16:13.337Z> [Notice] <Actor Death> CActor::Kill: 'Lt_Crosby' [5566542605615] in zone 'planet' killed by 'GamerWolf8' [1239013328194] using 'volt_rifle_energy_01_7030052430769' [Class volt_rifle_energy_01] with damage type 'Bullet' from direction x: -0.282172, y: 0.541589, z: -0.791872 [Team_ActorTech][Actor]"
"2025-10-26T23:23:03.695Z","C:\Program Files\Roberts Space Industries\StarCitizen\LIVE\logbackups\Game Build(10487514) 26 Oct 25 (16 08 17).log","2234","Lt_Crosby","JwMos","behr_rifle_ballistic_01_7030280431168","<2025-10-26T23:23:03.695Z> [Notice] <Actor Death> CActor::Kill: 'Lt_Crosby' [5566542605615] in zone 'planet' killed by 'JwMos' [206065898187] using 'behr_rifle_ballistic_01_7030280431168' [Class behr_rifle_ballistic_01] with damage type 'Bullet' from direction x: -0.407397, y: 0.667332, z: -0.623455 [Team_ActorTech][Actor]"
"2025-10-26T23:23:58.558Z","C:\Program Files\Roberts Space Industries\StarCitizen\LIVE\logbackups\Game Build(10487514) 26 Oct 25 (16 08 17).log","2260","Lt_Crosby","GamerWolf8","ksar_smg_energy_01_green01_7030280431241","<2025-10-26T23:23:58.558Z> [Notice] <Actor Death> CActor::Kill: 'Lt_Crosby' [5566542605615] in zone 'planet' killed by 'GamerWolf8' [1239013328194] using 'ksar_smg_energy_01_green01_7030280431241' [Class ksar_smg_energy_01_green01] with damage type 'Bullet' from direction x: 0.592604, y: -0.644626, z: -0.482989 [Team_ActorTech][Actor]"
"2025-10-26T23:25:00.423Z","C:\Program Files\Roberts Space Industries\StarCitizen\LIVE\logbackups\Game Build(10487514) 26 Oct 25 (16 08 17).log","2298","Lt_Crosby","RogueWan","klwe_pistol_energy_01_7030280431278","<2025-10-26T23:25:00.423Z> [Notice] <Actor Death> CActor::Kill: 'Lt_Crosby' [5566542605615] in zone 'planet' killed by 'RogueWan' [202139688616] using 'klwe_pistol_energy_01_7030280431278' [Class klwe_pistol_energy_01] with damage type 'Bullet' from direction x: -0.197792, y: -0.155788, z: 0.967785 [Team_ActorTech][Actor]"
"2025-10-26T23:26:13.658Z","C:\Program Files\Roberts Space Industries\StarCitizen\LIVE\logbackups\Game Build(10487514) 26 Oct 25 (16 08 17).log","2391","Lt_Crosby","TurtleGoat1","volt_smg_energy_01_blue01_7030280431319","<2025-10-26T23:26:13.658Z> [Notice] <Actor Death> CActor::Kill: 'Lt_Crosby' [5566542605615] in zone 'planet' killed by 'TurtleGoat1' [204269890234] using 'volt_smg_energy_01_blue01_7030280431319' [Class volt_smg_energy_01_blue01] with damage type 'ElectricArc' from direction x: 0.523373, y: -0.396842, z: -0.754053 [Team_ActorTech][Actor]"
"2025-10-26T23:26:49.857Z","C:\Program Files\Roberts Space Industries\StarCitizen\LIVE\logbackups\Game Build(10487514) 26 Oct 25 (16 08 17).log","2421","Lt_Crosby","TurtleGoat1","none_rifle_multi_01_7030280430679","<2025-10-26T23:26:49.857Z> [Notice] <Actor Death> CActor::Kill: 'Lt_Crosby' [5566542605615] in zone 'planet' killed by 'TurtleGoat1' [204269890234] using 'none_rifle_multi_01_7030280430679' [Class none_rifle_multi_01] with damage type 'Bullet' from direction x: -0.264280, y: 0.421239, z: -0.867591 [Team_ActorTech][Actor]"
"2025-10-26T23:31:00.018Z","C:\Program Files\Roberts Space Industries\StarCitizen\LIVE\logbackups\Game Build(10487514) 26 Oct 25 (16 08 17).log","3153","Lt_Crosby","Vodalus23","behr_rifle_ballistic_02_civilian_7030482430773","<2025-10-26T23:31:00.018Z> [Notice] <Actor Death> CActor::Kill: 'Lt_Crosby' [5566542605615] in zone 'planet' killed by 'Vodalus23' [201924355484] using 'behr_rifle_ballistic_02_civilian_7030482430773' [Class behr_rifle_ballistic_02_civilian] with damage type 'Bullet' from direction x: 0.624294, y: -0.761355, z: -0.174916 [Team_ActorTech][Actor]"
"2025-10-26T23:31:56.755Z","C:\Program Files\Roberts Space Industries\StarCitizen\LIVE\logbackups\Game Build(10487514) 26 Oct 25 (16 08 17).log","3194","Lt_Crosby","GamerWolf8","volt_rifle_energy_01_7030482430519","<2025-10-26T23:31:56.755Z> [Notice] <Actor Death> CActor::Kill: 'Lt_Crosby' [5566542605615] in zone 'planet' killed by 'GamerWolf8' [1239013328194] using 'volt_rifle_energy_01_7030482430519' [Class volt_rifle_energy_01] with damage type 'ElectricArc' from direction x: -0.322820, y: 0.093400, z: 0.941841 [Team_ActorTech][Actor]"
"2025-10-26T23:32:12.089Z","C:\Program Files\Roberts Space Industries\StarCitizen\LIVE\logbackups\Game Build(10487514) 26 Oct 25 (16 08 17).log","3212","Lt_Crosby","Holyk0wz","behr_smg_ballistic_01_iae2201_7030482430987","<2025-10-26T23:32:12.089Z> [Notice] <Actor Death> CActor::Kill: 'Lt_Crosby' [5566542605615] in zone 'planet' killed by 'Holyk0wz' [6301077585991] using 'behr_smg_ballistic_01_iae2201_7030482430987' [Class behr_smg_ballistic_01_iae2201] with damage type 'Bullet' from direction x: 0.520380, y: -0.453564, z: -0.723522 [Team_ActorTech][Actor]"
"2025-10-26T23:32:48.388Z","C:\Program Files\Roberts Space Industries\StarCitizen\LIVE\logbackups\Game Build(10487514) 26 Oct 25 (16 08 17).log","3233","Lt_Crosby","6_Cyberpsycho_9","behr_rifle_ballistic_01_black02_7030482431056","<2025-10-26T23:32:48.388Z> [Notice] <Actor Death> CActor::Kill: 'Lt_Crosby' [5566542605615] in zone 'planet' killed by '6_Cyberpsycho_9' [372390456756] using 'behr_rifle_ballistic_01_black02_7030482431056' [Class behr_rifle_ballistic_01_black02] with damage type 'Bullet' from direction x: 0.528650, y: -0.838245, z: -0.133694 [Team_ActorTech][Actor]"
"2025-10-26T23:34:20.760Z","C:\Program Files\Roberts Space Industries\StarCitizen\LIVE\logbackups\Game Build(10487514) 26 Oct 25 (16 08 17).log","3277","Lt_Crosby","GamerWolf8","ksar_smg_energy_01_green01_7030482431102","<2025-10-26T23:34:20.760Z> [Notice] <Actor Death> CActor::Kill: 'Lt_Crosby' [5566542605615] in zone 'planet' killed by 'GamerWolf8' [1239013328194] using 'ksar_smg_energy_01_green01_7030482431102' [Class ksar_smg_energy_01_green01] with damage type 'Bullet' from direction x: -0.600898, y: 0.540694, z: 0.588704 [Team_ActorTech][Actor]"
"2025-10-26T23:35:21.786Z","C:\Program Files\Roberts Space Industries\StarCitizen\LIVE\logbackups\Game Build(10487514) 26 Oct 25 (16 08 17).log","3340","Lt_Crosby","RogueWan","unknown","<2025-10-26T23:35:21.786Z> [Notice] <Actor Death> CActor::Kill: 'Lt_Crosby' [5566542605615] in zone 'planet' killed by 'RogueWan' [202139688616] using 'unknown' [Class unknown] with damage type 'BleedOut' from direction x: 0.000000, y: 0.000000, z: 0.000000 [Team_ActorTech][Actor]"
"2025-10-26T23:35:45.627Z","C:\Program Files\Roberts Space Industries\StarCitizen\LIVE\logbackups\Game Build(10487514) 26 Oct 25 (16 08 17).log","3367","Lt_Crosby","Onbusy","unknown","<2025-10-26T23:35:45.627Z> [Notice] <Actor Death> CActor::Kill: 'Lt_Crosby' [5566542605615] in zone 'planet' killed by 'Onbusy' [292458392555] using 'unknown' [Class unknown] with damage type 'BleedOut' from direction x: 0.000000, y: 0.000000, z: 0.000000 [Team_ActorTech][Actor]"
"2025-10-26T23:36:11.821Z","C:\Program Files\Roberts Space Industries\StarCitizen\LIVE\logbackups\Game Build(10487514) 26 Oct 25 (16 08 17).log","3390","Lt_Crosby","RonnieU","ksar_rifle_energy_01_red_green01_7030482430859","<2025-10-26T23:36:11.821Z> [Notice] <Actor Death> CActor::Kill: 'Lt_Crosby' [5566542605615] in zone 'planet' killed by 'RonnieU' [224761967543] using 'ksar_rifle_energy_01_red_green01_7030482430859' [Class ksar_rifle_energy_01_red_green01] with damage type 'Bullet' from direction x: 0.627553, y: -0.682519, z: -0.374626 [Team_ActorTech][Actor]"
"2025-10-26T23:36:34.988Z","C:\Program Files\Roberts Space Industries\StarCitizen\LIVE\logbackups\Game Build(10487514) 26 Oct 25 (16 08 17).log","3410","Lt_Crosby","JwMos","behr_rifle_ballistic_01_7030482431466","<2025-10-26T23:36:34.988Z> [Notice] <Actor Death> CActor::Kill: 'Lt_Crosby' [5566542605615] in zone 'planet' killed by 'JwMos' [206065898187] using 'behr_rifle_ballistic_01_7030482431466' [Class behr_rifle_ballistic_01] with damage type 'Bullet' from direction x: 0.592341, y: -0.511179, z: -0.622759 [Team_ActorTech][Actor]"
"2025-10-26T23:37:35.886Z","C:\Program Files\Roberts Space Industries\StarCitizen\LIVE\logbackups\Game Build(10487514) 26 Oct 25 (16 08 17).log","3472","Lt_Crosby","Star_Corpsman","behr_rifle_ballistic_01_7030482431629","<2025-10-26T23:37:35.886Z> [Notice] <Actor Death> CActor::Kill: 'Lt_Crosby' [5566542605615] in zone 'planet' killed by 'Star_Corpsman' [202035012115] using 'behr_rifle_ballistic_01_7030482431629' [Class behr_rifle_ballistic_01] with damage type 'Bullet' from direction x: -0.438127, y: 0.507378, z: -0.742032 [Team_ActorTech][Actor]"
"2025-10-26T23:39:23.381Z","C:\Program Files\Roberts Space Industries\StarCitizen\LIVE\logbackups\Game Build(10487514) 26 Oct 25 (16 08 17).log","3835","Lt_Crosby","FavoredActual","none_lmg_ballistic_01_7030654432002","<2025-10-26T23:39:23.381Z> [Notice] <Actor Death> CActor::Kill: 'Lt_Crosby' [5566542605615] in zone 'SolarSystem_7030654428166' killed by 'FavoredActual' [200146298763] using 'none_lmg_ballistic_01_7030654432002' [Class none_lmg_ballistic_01] with damage type 'Bullet' from direction x: -0.345457, y: -0.937924, z: -0.030963 [Team_ActorTech][Actor]"
"2025-10-26T23:40:01.207Z","C:\Program Files\Roberts Space Industries\StarCitizen\LIVE\logbackups\Game Build(10487514) 26 Oct 25 (16 08 17).log","3870","Lt_Crosby","FavoredActual","none_lmg_ballistic_01_7030654432002","<2025-10-26T23:40:01.207Z> [Notice] <Actor Death> CActor::Kill: 'Lt_Crosby' [5566542605615] in zone 'SolarSystem_7030654428166' killed by 'FavoredActual' [200146298763] using 'none_lmg_ballistic_01_7030654432002' [Class none_lmg_ballistic_01] with damage type 'Bullet' from direction x: -0.999527, y: 0.025760, z: -0.016770 [Team_ActorTech][Actor]"
"2025-10-26T23:40:21.248Z","C:\Program Files\Roberts Space Industries\StarCitizen\LIVE\logbackups\Game Build(10487514) 26 Oct 25 (16 08 17).log","3902","Lt_Crosby","CalamityBlack","none_lmg_ballistic_01_7030654432440","<2025-10-26T23:40:21.248Z> [Notice] <Actor Death> CActor::Kill: 'Lt_Crosby' [5566542605615] in zone 'SolarSystem_7030654428166' killed by 'CalamityBlack' [201990657755] using 'none_lmg_ballistic_01_7030654432440' [Class none_lmg_ballistic_01] with damage type 'Bullet' from direction x: -0.313486, y: -0.947598, z: 0.061515 [Team_ActorTech][Actor]"
"2025-10-26T23:40:58.105Z","C:\Program Files\Roberts Space Industries\StarCitizen\LIVE\logbackups\Game Build(10487514) 26 Oct 25 (16 08 17).log","3966","Lt_Crosby","Onbusy","behr_rifle_ballistic_01_7030654432054","<2025-10-26T23:40:58.105Z> [Notice] <Actor Death> CActor::Kill: 'Lt_Crosby' [5566542605615] in zone 'SolarSystem_7030654428166' killed by 'Onbusy' [292458392555] using 'behr_rifle_ballistic_01_7030654432054' [Class behr_rifle_ballistic_01] with damage type 'Bullet' from direction x: 0.528273, y: 0.843638, z: -0.095926 [Team_ActorTech][Actor]"
"2025-10-26T23:41:26.075Z","C:\Program Files\Roberts Space Industries\StarCitizen\LIVE\logbackups\Game Build(10487514) 26 Oct 25 (16 08 17).log","4003","Lt_Crosby","CalamityBlack","none_lmg_ballistic_01_7030654432616","<2025-10-26T23:41:26.075Z> [Notice] <Actor Death> CActor::Kill: 'Lt_Crosby' [5566542605615] in zone 'SolarSystem_7030654428166' killed by 'CalamityBlack' [201990657755] using 'none_lmg_ballistic_01_7030654432616' [Class none_lmg_ballistic_01] with damage type 'Bullet' from direction x: 0.997709, y: -0.046207, z: -0.049408 [Team_ActorTech][Actor]"
"2025-10-26T23:41:47.877Z","C:\Program Files\Roberts Space Industries\StarCitizen\LIVE\logbackups\Game Build(10487514) 26 Oct 25 (16 08 17).log","4032","Lt_Crosby","FavoredActual","none_lmg_ballistic_01_7030654432723","<2025-10-26T23:41:47.877Z> [Notice] <Actor Death> CActor::Kill: 'Lt_Crosby' [5566542605615] in zone 'SolarSystem_7030654428166' killed by 'FavoredActual' [200146298763] using 'none_lmg_ballistic_01_7030654432723' [Class none_lmg_ballistic_01] with damage type 'Bullet' from direction x: -0.899702, y: -0.436303, z: -0.013259 [Team_ActorTech][Actor]"
"2025-10-26T23:42:09.313Z","C:\Program Files\Roberts Space Industries\StarCitizen\LIVE\logbackups\Game Build(10487514) 26 Oct 25 (16 08 17).log","4060","Lt_Crosby","MD6622","none_lmg_ballistic_01_store01_7030654432838","<2025-10-26T23:42:09.313Z> [Notice] <Actor Death> CActor::Kill: 'Lt_Crosby' [5566542605615] in zone 'SolarSystem_7030654428166' killed by 'MD6622' [202153879710] using 'none_lmg_ballistic_01_store01_7030654432838' [Class none_lmg_ballistic_01_store01] with damage type 'Bullet' from direction x: 0.781402, y: 0.612581, z: 0.118973 [Team_ActorTech][Actor]"
"2025-10-26T23:42:41.677Z","C:\Program Files\Roberts Space Industries\StarCitizen\LIVE\logbackups\Game Build(10487514) 26 Oct 25 (16 08 17).log","4098","Lt_Crosby","Onbusy","behr_rifle_ballistic_01_7030654432054","<2025-10-26T23:42:41.677Z> [Notice] <Actor Death> CActor::Kill: 'Lt_Crosby' [5566542605615] in zone 'SolarSystem_7030654428166' killed by 'Onbusy' [292458392555] using 'behr_rifle_ballistic_01_7030654432054' [Class behr_rifle_ballistic_01] with damage type 'Bullet' from direction x: -0.995686, y: 0.091251, z: -0.016785 [Team_ActorTech][Actor]"
"2025-10-27T06:13:38.287Z","C:\Program Files\Roberts Space Industries\StarCitizen\LIVE\logbackups\Game Build(10487514) 26 Oct 25 (19 26 44).log","46587","Lt_Crosby","Lt_Crosby","Lt_Crosby","<2025-10-27T06:13:38.287Z> [Notice] <Actor Death> CActor::Kill: 'Lt_Crosby' [5566542605615] in zone 'rs_opendungeon_rund_002' killed by 'Lt_Crosby' [5566542605615] using 'Lt_Crosby' [Class Player] with damage type 'Suicide' from direction x: 0.000000, y: 0.000000, z: 0.000000 [Team_ActorTech][Actor]"
"2025-10-27T06:20:24.595Z","C:\Program Files\Roberts Space Industries\StarCitizen\LIVE\logbackups\Game Build(10487514) 26 Oct 25 (19 26 44).log","47402","Lt_Crosby","Lt_Crosby","Lt_Crosby","<2025-10-27T06:20:24.595Z> [Notice] <Actor Death> CActor::Kill: 'Lt_Crosby' [5566542605615] in zone 'rs_opendungeon_rund_002' killed by 'Lt_Crosby' [5566542605615] using 'Lt_Crosby' [Class Player] with damage type 'Suicide' from direction x: 0.000000, y: 0.000000, z: 0.000000 [Team_ActorTech][Actor]"
"2025-10-27T06:24:23.944Z","C:\Program Files\Roberts Space Industries\StarCitizen\LIVE\logbackups\Game Build(10487514) 26 Oct 25 (19 26 44).log","47828","Lt_Crosby","Lt_Crosby","Lt_Crosby","<2025-10-27T06:24:23.944Z> [Notice] <Actor Death> CActor::Kill: 'Lt_Crosby' [5566542605615] in zone 'rs_opendungeon_rund_002' killed by 'Lt_Crosby' [5566542605615] using 'Lt_Crosby' [Class Player] with damage type 'Suicide' from direction x: 0.000000, y: 0.000000, z: 0.000000 [Team_ActorTech][Actor]"
"2025-10-27T06:28:03.217Z","C:\Program Files\Roberts Space Industries\StarCitizen\LIVE\logbackups\Game Build(10487514) 26 Oct 25 (19 26 44).log","48136","Lt_Crosby","Lt_Crosby","Lt_Crosby","<2025-10-27T06:28:03.217Z> [Notice] <Actor Death> CActor::Kill: 'Lt_Crosby' [5566542605615] in zone 'rs_opendungeon_rund_002' killed by 'Lt_Crosby' [5566542605615] using 'Lt_Crosby' [Class Player] with damage type 'Suicide' from direction x: 0.000000, y: 0.000000, z: 0.000000 [Team_ActorTech][Actor]"
"2025-10-27T06:33:57.594Z","C:\Program Files\Roberts Space Industries\StarCitizen\LIVE\logbackups\Game Build(10487514) 26 Oct 25 (19 26 44).log","48530","Lt_Crosby","Lt_Crosby","Lt_Crosby","<2025-10-27T06:33:57.594Z> [Notice] <Actor Death> CActor::Kill: 'Lt_Crosby' [5566542605615] in zone 'rs_opendungeon_rund_002' killed by 'Lt_Crosby' [5566542605615] using 'Lt_Crosby' [Class Player] with damage type 'Suicide' from direction x: 0.000000, y: 0.000000, z: 0.000000 [Team_ActorTech][Actor]"
"2025-10-27T06:39:02.171Z","C:\Program Files\Roberts Space Industries\StarCitizen\LIVE\logbackups\Game Build(10487514) 26 Oct 25 (19 26 44).log","48990","Lt_Crosby","WhyNotJT","none_lmg_ballistic_01_7026400961574","<2025-10-27T06:39:02.171Z> [Notice] <Actor Death> CActor::Kill: 'Lt_Crosby' [5566542605615] in zone 'rs_opendungeon_rund_002' killed by 'WhyNotJT' [6155181452096] using 'none_lmg_ballistic_01_7026400961574' [Class none_lmg_ballistic_01] with damage type 'Bullet' from direction x: 0.650679, y: 0.756699, z: -0.063439 [Team_ActorTech][Actor]"
"2025-10-28T06:05:19.610Z","C:\Program Files\Roberts Space Industries\StarCitizen\LIVE\logbackups\Game Build(10487514) 27 Oct 25 (22 36 33).log","3190","Lt_Crosby","Mabulala","behr_rifle_ballistic_01_7062680849835","<2025-10-28T06:05:19.610Z> [Notice] <Actor Death> CActor::Kill: 'Lt_Crosby' [5566542605615] in zone 'stanton1' killed by 'Mabulala' [6861550266182] using 'behr_rifle_ballistic_01_7062680849835' [Class behr_rifle_ballistic_01] with damage type 'Bullet' from direction x: 0.397974, y: -0.909709, z: 0.118515 [Team_ActorTech][Actor]"
"2025-10-28T06:06:56.583Z","C:\Program Files\Roberts Space Industries\StarCitizen\LIVE\logbackups\Game Build(10487514) 27 Oct 25 (22 36 33).log","3281","Lt_Crosby","happyham","behr_rifle_ballistic_01_7062680850098","<2025-10-28T06:06:56.583Z> [Notice] <Actor Death> CActor::Kill: 'Lt_Crosby' [5566542605615] in zone 'stanton1' killed by 'happyham' [6155181452095] using 'behr_rifle_ballistic_01_7062680850098' [Class behr_rifle_ballistic_01] with damage type 'Bullet' from direction x: -0.497606, y: 0.835559, z: -0.232873 [Team_ActorTech][Actor]"
"2025-10-28T06:07:52.596Z","C:\Program Files\Roberts Space Industries\StarCitizen\LIVE\logbackups\Game Build(10487514) 27 Oct 25 (22 36 33).log","3353","Lt_Crosby","Xyxyll","none_rifle_multi_01_store01_7062680849468","<2025-10-28T06:07:52.596Z> [Notice] <Actor Death> CActor::Kill: 'Lt_Crosby' [5566542605615] in zone 'stanton1' killed by 'Xyxyll' [201990709313] using 'none_rifle_multi_01_store01_7062680849468' [Class none_rifle_multi_01_store01] with damage type 'Bullet' from direction x: -0.921767, y: -0.368478, z: -0.120702 [Team_ActorTech][Actor]"
"2025-10-28T06:08:51.350Z","C:\Program Files\Roberts Space Industries\StarCitizen\LIVE\logbackups\Game Build(10487514) 27 Oct 25 (22 36 33).log","3437","Lt_Crosby","happyham","behr_rifle_ballistic_01_7062680850354","<2025-10-28T06:08:51.350Z> [Notice] <Actor Death> CActor::Kill: 'Lt_Crosby' [5566542605615] in zone 'stanton1' killed by 'happyham' [6155181452095] using 'behr_rifle_ballistic_01_7062680850354' [Class behr_rifle_ballistic_01] with damage type 'Bullet' from direction x: -0.461264, y: 0.865659, z: -0.194600 [Team_ActorTech][Actor]"
"2025-10-28T06:09:26.253Z","C:\Program Files\Roberts Space Industries\StarCitizen\LIVE\logbackups\Game Build(10487514) 27 Oct 25 (22 36 33).log","3469","Lt_Crosby","PhenomenalPube","klwe_pistol_energy_01_7062680849521","<2025-10-28T06:09:26.253Z> [Notice] <Actor Death> CActor::Kill: 'Lt_Crosby' [5566542605615] in zone 'stanton1' killed by 'PhenomenalPube' [2227086654654] using 'klwe_pistol_energy_01_7062680849521' [Class klwe_pistol_energy_01] with damage type 'Bullet' from direction x: -0.257642, y: 0.936920, z: -0.236225 [Team_ActorTech][Actor]"
"2025-10-28T06:09:55.761Z","C:\Program Files\Roberts Space Industries\StarCitizen\LIVE\logbackups\Game Build(10487514) 27 Oct 25 (22 36 33).log","3498","Lt_Crosby","Lyfted","volt_shotgun_energy_01_7062680850521","<2025-10-28T06:09:55.761Z> [Notice] <Actor Death> CActor::Kill: 'Lt_Crosby' [5566542605615] in zone 'stanton1' killed by 'Lyfted' [6861550267134] using 'volt_shotgun_energy_01_7062680850521' [Class volt_shotgun_energy_01] with damage type 'Bullet' from direction x: 0.885003, y: 0.465573, z: -0.003263 [Team_ActorTech][Actor]"
"2025-10-28T06:10:50.553Z","C:\Program Files\Roberts Space Industries\StarCitizen\LIVE\logbackups\Game Build(10487514) 27 Oct 25 (22 36 33).log","3548","Lt_Crosby","Xyxyll","none_rifle_multi_01_store01_7062680849468","<2025-10-28T06:10:50.553Z> [Notice] <Actor Death> CActor::Kill: 'Lt_Crosby' [5566542605615] in zone 'stanton1' killed by 'Xyxyll' [201990709313] using 'none_rifle_multi_01_store01_7062680849468' [Class none_rifle_multi_01_store01] with damage type 'Bullet' from direction x: 0.229150, y: -0.967896, z: 0.103284 [Team_ActorTech][Actor]"
"2025-10-28T06:11:13.951Z","C:\Program Files\Roberts Space Industries\StarCitizen\LIVE\logbackups\Game Build(10487514) 27 Oct 25 (22 36 33).log","3574","Lt_Crosby","happyham","behr_rifle_ballistic_01_7062680850642","<2025-10-28T06:11:13.951Z> [Notice] <Actor Death> CActor::Kill: 'Lt_Crosby' [5566542605615] in zone 'stanton1' killed by 'happyham' [6155181452095] using 'behr_rifle_ballistic_01_7062680850642' [Class behr_rifle_ballistic_01] with damage type 'Bullet' from direction x: -0.634428, y: -0.764653, z: -0.113164 [Team_ActorTech][Actor]"
"2025-10-28T06:16:21.302Z","C:\Program Files\Roberts Space Industries\StarCitizen\LIVE\logbackups\Game Build(10487514) 27 Oct 25 (22 36 33).log","4493","Lt_Crosby","Astropnk","ksar_rifle_energy_01_red_green01_7062786458440","<2025-10-28T06:16:21.302Z> [Notice] <Actor Death> CActor::Kill: 'Lt_Crosby' [5566542605615] in zone 'SolarSystem_7062786454233' killed by 'Astropnk' [202139714165] using 'ksar_rifle_energy_01_red_green01_7062786458440' [Class ksar_rifle_energy_01_red_green01] with damage type 'Bullet' from direction x: 0.658871, y: 0.752116, z: -0.014549 [Team_ActorTech][Actor]"
"2025-10-28T06:17:17.103Z","C:\Program Files\Roberts Space Industries\StarCitizen\LIVE\logbackups\Game Build(10487514) 27 Oct 25 (22 36 33).log","4557","Lt_Crosby","PhenomenalPube","behr_rifle_ballistic_01_7062786458540","<2025-10-28T06:17:17.103Z> [Notice] <Actor Death> CActor::Kill: 'Lt_Crosby' [5566542605615] in zone 'SolarSystem_7062786454233' killed by 'PhenomenalPube' [2227086654654] using 'behr_rifle_ballistic_01_7062786458540' [Class behr_rifle_ballistic_01] with damage type 'Bullet' from direction x: 0.375917, y: -0.926652, z: 0.001786 [Team_ActorTech][Actor]"
"2025-10-28T06:18:00.033Z","C:\Program Files\Roberts Space Industries\StarCitizen\LIVE\logbackups\Game Build(10487514) 27 Oct 25 (22 36 33).log","4589","Lt_Crosby","Astropnk","ksar_rifle_energy_01_red_green01_7062786458625","<2025-10-28T06:18:00.033Z> [Notice] <Actor Death> CActor::Kill: 'Lt_Crosby' [5566542605615] in zone 'SolarSystem_7062786454233' killed by 'Astropnk' [202139714165] using 'ksar_rifle_energy_01_red_green01_7062786458625' [Class ksar_rifle_energy_01_red_green01] with damage type 'Bullet' from direction x: -0.991822, y: 0.127559, z: -0.004239 [Team_ActorTech][Actor]"
"2025-10-28T06:18:16.171Z","C:\Program Files\Roberts Space Industries\StarCitizen\LIVE\logbackups\Game Build(10487514) 27 Oct 25 (22 36 33).log","4617","Lt_Crosby","Astropnk","behr_rifle_ballistic_01_black02_7062786458637","<2025-10-28T06:18:16.171Z> [Notice] <Actor Death> CActor::Kill: 'Lt_Crosby' [5566542605615] in zone 'SolarSystem_7062786454233' killed by 'Astropnk' [202139714165] using 'behr_rifle_ballistic_01_black02_7062786458637' [Class behr_rifle_ballistic_01_black02] with damage type 'Bullet' from direction x: 0.736203, y: 0.676573, z: -0.015911 [Team_ActorTech][Actor]"
"2025-10-28T06:18:44.800Z","C:\Program Files\Roberts Space Industries\StarCitizen\LIVE\logbackups\Game Build(10487514) 27 Oct 25 (22 36 33).log","4643","Lt_Crosby","happyham","none_rifle_multi_01_store01_7062786458724","<2025-10-28T06:18:44.800Z> [Notice] <Actor Death> CActor::Kill: 'Lt_Crosby' [5566542605615] in zone 'SolarSystem_7062786454233' killed by 'happyham' [6155181452095] using 'none_rifle_multi_01_store01_7062786458724' [Class none_rifle_multi_01_store01] with damage type 'Bullet' from direction x: 0.541848, y: 0.839389, z: -0.042751 [Team_ActorTech][Actor]"
"2025-10-28T06:19:37.476Z","C:\Program Files\Roberts Space Industries\StarCitizen\LIVE\logbackups\Game Build(10487514) 27 Oct 25 (22 36 33).log","4683","Lt_Crosby","Mabulala","behr_rifle_ballistic_01_7062786458871","<2025-10-28T06:19:37.476Z> [Notice] <Actor Death> CActor::Kill: 'Lt_Crosby' [5566542605615] in zone 'SolarSystem_7062786454233' killed by 'Mabulala' [6861550266182] using 'behr_rifle_ballistic_01_7062786458871' [Class behr_rifle_ballistic_01] with damage type 'Bullet' from direction x: 0.911021, y: 0.409493, z: -0.048536 [Team_ActorTech][Actor]"
"2025-10-28T06:20:13.445Z","C:\Program Files\Roberts Space Industries\StarCitizen\LIVE\logbackups\Game Build(10487514) 27 Oct 25 (22 36 33).log","4717","Lt_Crosby","Lyfted","behr_smg_ballistic_01_7062786458891","<2025-10-28T06:20:13.445Z> [Notice] <Actor Death> CActor::Kill: 'Lt_Crosby' [5566542605615] in zone 'SolarSystem_7062786454233' killed by 'Lyfted' [6861550267134] using 'behr_smg_ballistic_01_7062786458891' [Class behr_smg_ballistic_01] with damage type 'Bullet' from direction x: 0.970823, y: -0.238422, z: -0.025636 [Team_ActorTech][Actor]"
"2025-10-28T06:20:37.946Z","C:\Program Files\Roberts Space Industries\StarCitizen\LIVE\logbackups\Game Build(10487514) 27 Oct 25 (22 36 33).log","4746","Lt_Crosby","Lyfted","behr_smg_ballistic_01_7062786458891","<2025-10-28T06:20:37.946Z> [Notice] <Actor Death> CActor::Kill: 'Lt_Crosby' [5566542605615] in zone 'SolarSystem_7062786454233' killed by 'Lyfted' [6861550267134] using 'behr_smg_ballistic_01_7062786458891' [Class behr_smg_ballistic_01] with damage type 'Bullet' from direction x: 0.319661, y: -0.947430, z: -0.013921 [Team_ActorTech][Actor]"
"2025-10-28T06:22:20.937Z","C:\Program Files\Roberts Space Industries\StarCitizen\LIVE\logbackups\Game Build(10487514) 27 Oct 25 (22 36 33).log","4805","Lt_Crosby","PhenomenalPube","behr_rifle_ballistic_01_7062786459281","<2025-10-28T06:22:20.937Z> [Notice] <Actor Death> CActor::Kill: 'Lt_Crosby' [5566542605615] in zone 'SolarSystem_7062786454233' killed by 'PhenomenalPube' [2227086654654] using 'behr_rifle_ballistic_01_7062786459281' [Class behr_rifle_ballistic_01] with damage type 'Bullet' from direction x: -0.033868, y: -0.999239, z: -0.019356 [Team_ActorTech][Actor]"
"2025-10-28T06:23:39.975Z","C:\Program Files\Roberts Space Industries\StarCitizen\LIVE\logbackups\Game Build(10487514) 27 Oct 25 (22 36 33).log","5110","Lt_Crosby","Astropnk","ksar_rifle_energy_01_red_green01_7062968761962","<2025-10-28T06:23:39.975Z> [Notice] <Actor Death> CActor::Kill: 'Lt_Crosby' [5566542605615] in zone 'stanton4' killed by 'Astropnk' [202139714165] using 'ksar_rifle_energy_01_red_green01_7062968761962' [Class ksar_rifle_energy_01_red_green01] with damage type 'Bullet' from direction x: 0.175414, y: 0.070109, z: -0.981995 [Team_ActorTech][Actor]"
"2025-10-28T06:24:33.773Z","C:\Program Files\Roberts Space Industries\StarCitizen\LIVE\logbackups\Game Build(10487514) 27 Oct 25 (22 36 33).log","5147","Lt_Crosby","Spyrokeet","behr_smg_ballistic_01_white02_7062968762021","<2025-10-28T06:24:33.773Z> [Notice] <Actor Death> CActor::Kill: 'Lt_Crosby' [5566542605615] in zone 'drlct_habs_sm_int_15_b' killed by 'Spyrokeet' [1230157278512] using 'behr_smg_ballistic_01_white02_7062968762021' [Class behr_smg_ballistic_01_white02] with damage type 'Bullet' from direction x: 0.955776, y: 0.290836, z: -0.043660 [Team_ActorTech][Actor]"
"2025-10-28T06:25:31.306Z","C:\Program Files\Roberts Space Industries\StarCitizen\LIVE\logbackups\Game Build(10487514) 27 Oct 25 (22 36 33).log","5208","Lt_Crosby","Spyrokeet","behr_smg_ballistic_01_white02_7062968762021","<2025-10-28T06:25:31.306Z> [Notice] <Actor Death> CActor::Kill: 'Lt_Crosby' [5566542605615] in zone 'RastarInteriorGridHost_7062968524554' killed by 'Spyrokeet' [1230157278512] using 'behr_smg_ballistic_01_white02_7062968762021' [Class behr_smg_ballistic_01_white02] with damage type 'Bullet' from direction x: 0.698595, y: -0.709037, z: -0.096084 [Team_ActorTech][Actor]"
"2025-10-28T06:25:57.983Z","C:\Program Files\Roberts Space Industries\StarCitizen\LIVE\logbackups\Game Build(10487514) 27 Oct 25 (22 36 33).log","5237","Lt_Crosby","Astropnk","ksar_rifle_energy_01_red_green01_7062968761962","<2025-10-28T06:25:57.983Z> [Notice] <Actor Death> CActor::Kill: 'Lt_Crosby' [5566542605615] in zone 'stanton4' killed by 'Astropnk' [202139714165] using 'ksar_rifle_energy_01_red_green01_7062968761962' [Class ksar_rifle_energy_01_red_green01] with damage type 'Bullet' from direction x: -0.666456, y: -0.500840, z: 0.552265 [Team_ActorTech][Actor]"
"2025-10-28T06:26:16.585Z","C:\Program Files\Roberts Space Industries\StarCitizen\LIVE\logbackups\Game Build(10487514) 27 Oct 25 (22 36 33).log","5259","Lt_Crosby","happyham","none_rifle_multi_01_store01_7062968762112","<2025-10-28T06:26:16.585Z> [Notice] <Actor Death> CActor::Kill: 'Lt_Crosby' [5566542605615] in zone 'stanton4' killed by 'happyham' [6155181452095] using 'none_rifle_multi_01_store01_7062968762112' [Class none_rifle_multi_01_store01] with damage type 'Bullet' from direction x: -0.075280, y: 0.082772, z: 0.993721 [Team_ActorTech][Actor]"
"2025-10-28T06:27:35.849Z","C:\Program Files\Roberts Space Industries\StarCitizen\LIVE\logbackups\Game Build(10487514) 27 Oct 25 (22 36 33).log","5376","Lt_Crosby","happyham","none_rifle_multi_01_store01_7062968762166","<2025-10-28T06:27:35.849Z> [Notice] <Actor Death> CActor::Kill: 'Lt_Crosby' [5566542605615] in zone 'stanton4' killed by 'happyham' [6155181452095] using 'none_rifle_multi_01_store01_7062968762166' [Class none_rifle_multi_01_store01] with damage type 'Bullet' from direction x: -0.420600, y: -0.128797, z: 0.898057 [Team_ActorTech][Actor]"
"2025-10-28T06:27:55.078Z","C:\Program Files\Roberts Space Industries\StarCitizen\LIVE\logbackups\Game Build(10487514) 27 Oct 25 (22 36 33).log","5404","Lt_Crosby","ascik","none_rifle_multi_01_store01_7062968762226","<2025-10-28T06:27:55.078Z> [Notice] <Actor Death> CActor::Kill: 'Lt_Crosby' [5566542605615] in zone 'stanton4' killed by 'ascik' [2819937354859] using 'none_rifle_multi_01_store01_7062968762226' [Class none_rifle_multi_01_store01] with damage type 'Bullet' from direction x: -0.409426, y: -0.506402, z: -0.758899 [Team_ActorTech][Actor]"
"2025-10-28T06:28:33.547Z","C:\Program Files\Roberts Space Industries\StarCitizen\LIVE\logbackups\Game Build(10487514) 27 Oct 25 (22 36 33).log","5456","Lt_Crosby","Astropnk","behr_rifle_ballistic_01_black02_7062968762368","<2025-10-28T06:28:33.547Z> [Notice] <Actor Death> CActor::Kill: 'Lt_Crosby' [5566542605615] in zone 'stanton4' killed by 'Astropnk' [202139714165] using 'behr_rifle_ballistic_01_black02_7062968762368' [Class behr_rifle_ballistic_01_black02] with damage type 'Bullet' from direction x: 0.611108, y: 0.786556, z: 0.088753 [Team_ActorTech][Actor]"
"2025-10-28T06:29:01.352Z","C:\Program Files\Roberts Space Industries\StarCitizen\LIVE\logbackups\Game Build(10487514) 27 Oct 25 (22 36 33).log","5480","Lt_Crosby","Astropnk","behr_rifle_ballistic_01_black02_7062968762416","<2025-10-28T06:29:01.352Z> [Notice] <Actor Death> CActor::Kill: 'Lt_Crosby' [5566542605615] in zone 'stanton4' killed by 'Astropnk' [202139714165] using 'behr_rifle_ballistic_01_black02_7062968762416' [Class behr_rifle_ballistic_01_black02] with damage type 'Bullet' from direction x: -0.301625, y: -0.173138, z: 0.937574 [Team_ActorTech][Actor]"
"2025-10-28T06:30:14.716Z","C:\Program Files\Roberts Space Industries\StarCitizen\LIVE\logbackups\Game Build(10487514) 27 Oct 25 (22 36 33).log","5553","Lt_Crosby","ascik","klwe_pistol_energy_01_7062968762217","<2025-10-28T06:30:14.716Z> [Notice] <Actor Death> CActor::Kill: 'Lt_Crosby' [5566542605615] in zone 'stanton4' killed by 'ascik' [2819937354859] using 'klwe_pistol_energy_01_7062968762217' [Class klwe_pistol_energy_01] with damage type 'Bullet' from direction x: 0.615529, y: 0.447834, z: -0.648513 [Team_ActorTech][Actor]"
"2025-10-28T06:31:25.635Z","C:\Program Files\Roberts Space Industries\StarCitizen\LIVE\logbackups\Game Build(10487514) 27 Oct 25 (22 36 33).log","5608","Lt_Crosby","MontuBlack","behr_rifle_ballistic_01_7062968762742","<2025-10-28T06:31:25.635Z> [Notice] <Actor Death> CActor::Kill: 'Lt_Crosby' [5566542605615] in zone 'stanton4' killed by 'MontuBlack' [202153874645] using 'behr_rifle_ballistic_01_7062968762742' [Class behr_rifle_ballistic_01] with damage type 'Bullet' from direction x: -0.657858, y: -0.715501, z: -0.235120 [Team_ActorTech][Actor]"
"2025-10-28T06:31:45.456Z","C:\Program Files\Roberts Space Industries\StarCitizen\LIVE\logbackups\Game Build(10487514) 27 Oct 25 (22 36 33).log","5629","Lt_Crosby","Astropnk","behr_rifle_ballistic_01_black02_7062968762825","<2025-10-28T06:31:45.456Z> [Notice] <Actor Death> CActor::Kill: 'Lt_Crosby' [5566542605615] in zone 'stanton4' killed by 'Astropnk' [202139714165] using 'behr_rifle_ballistic_01_black02_7062968762825' [Class behr_rifle_ballistic_01_black02] with damage type 'Bullet' from direction x: -0.298213, y: 0.016623, z: 0.954355 [Team_ActorTech][Actor]"
"2025-10-28T06:32:19.495Z","C:\Program Files\Roberts Space Industries\StarCitizen\LIVE\logbackups\Game Build(10487514) 27 Oct 25 (22 36 33).log","5660","Lt_Crosby","MontuBlack","behr_rifle_ballistic_01_7062968762852","<2025-10-28T06:32:19.495Z> [Notice] <Actor Death> CActor::Kill: 'Lt_Crosby' [5566542605615] in zone 'stanton4' killed by 'MontuBlack' [202153874645] using 'behr_rifle_ballistic_01_7062968762852' [Class behr_rifle_ballistic_01] with damage type 'Bullet' from direction x: -0.738039, y: -0.653819, z: 0.166788 [Team_ActorTech][Actor]"
"2025-10-28T06:37:10.099Z","C:\Program Files\Roberts Space Industries\StarCitizen\LIVE\logbackups\Game Build(10487514) 27 Oct 25 (22 36 33).log","6646","Lt_Crosby","happyham","klwe_pistol_energy_01_7063114762384","<2025-10-28T06:37:10.099Z> [Notice] <Actor Death> CActor::Kill: 'Lt_Crosby' [5566542605615] in zone 'stanton4' killed by 'happyham' [6155181452095] using 'klwe_pistol_energy_01_7063114762384' [Class klwe_pistol_energy_01] with damage type 'Bullet' from direction x: 0.595146, y: 0.801915, z: -0.052272 [Team_ActorTech][Actor]"
"2025-10-28T06:37:33.801Z","C:\Program Files\Roberts Space Industries\StarCitizen\LIVE\logbackups\Game Build(10487514) 27 Oct 25 (22 36 33).log","6668","Lt_Crosby","ascik","none_rifle_multi_01_store01_7063114762161","<2025-10-28T06:37:33.801Z> [Notice] <Actor Death> CActor::Kill: 'Lt_Crosby' [5566542605615] in zone 'RastarInteriorGridHost_7063114524627' killed by 'ascik' [2819937354859] using 'none_rifle_multi_01_store01_7063114762161' [Class none_rifle_multi_01_store01] with damage type 'Bullet' from direction x: 0.968331, y: -0.179631, z: -0.173401 [Team_ActorTech][Actor]"
"2025-10-28T06:38:12.636Z","C:\Program Files\Roberts Space Industries\StarCitizen\LIVE\logbackups\Game Build(10487514) 27 Oct 25 (22 36 33).log","6706","Lt_Crosby","ascik","none_rifle_multi_01_store01_7063114762482","<2025-10-28T06:38:12.636Z> [Notice] <Actor Death> CActor::Kill: 'Lt_Crosby' [5566542605615] in zone 'stanton4' killed by 'ascik' [2819937354859] using 'none_rifle_multi_01_store01_7063114762482' [Class none_rifle_multi_01_store01] with damage type 'Bullet' from direction x: 0.669302, y: 0.741744, z: 0.043029 [Team_ActorTech][Actor]"
"2025-10-28T06:38:57.452Z","C:\Program Files\Roberts Space Industries\StarCitizen\LIVE\logbackups\Game Build(10487514) 27 Oct 25 (22 36 33).log","6766","Lt_Crosby","ascik","none_rifle_multi_01_store01_7063114762533","<2025-10-28T06:38:57.452Z> [Notice] <Actor Death> CActor::Kill: 'Lt_Crosby' [5566542605615] in zone 'stanton4' killed by 'ascik' [2819937354859] using 'none_rifle_multi_01_store01_7063114762533' [Class none_rifle_multi_01_store01] with damage type 'Bullet' from direction x: -0.315682, y: -0.465336, z: -0.826926 [Team_ActorTech][Actor]"
"2025-10-28T06:39:25.335Z","C:\Program Files\Roberts Space Industries\StarCitizen\LIVE\logbackups\Game Build(10487514) 27 Oct 25 (22 36 33).log","6817","Lt_Crosby","Mabulala","none_shotgun_ballistic_01_7063114762556","<2025-10-28T06:39:25.335Z> [Notice] <Actor Death> CActor::Kill: 'Lt_Crosby' [5566542605615] in zone 'stanton4' killed by 'Mabulala' [6861550266182] using 'none_shotgun_ballistic_01_7063114762556' [Class none_shotgun_ballistic_01] with damage type 'Bullet' from direction x: 0.682436, y: 0.730902, z: 0.007930 [Team_ActorTech][Actor]"
"2025-10-28T06:39:37.024Z","C:\Program Files\Roberts Space Industries\StarCitizen\LIVE\logbackups\Game Build(10487514) 27 Oct 25 (22 36 33).log","6842","Lt_Crosby","Astropnk","ksar_rifle_energy_01_red_green01_7063114762276","<2025-10-28T06:39:37.024Z> [Notice] <Actor Death> CActor::Kill: 'Lt_Crosby' [5566542605615] in zone 'stanton4' killed by 'Astropnk' [202139714165] using 'ksar_rifle_energy_01_red_green01_7063114762276' [Class ksar_rifle_energy_01_red_green01] with damage type 'Bullet' from direction x: 0.036217, y: -0.116679, z: -0.992509 [Team_ActorTech][Actor]"
"2025-10-28T06:40:17.341Z","C:\Program Files\Roberts Space Industries\StarCitizen\LIVE\logbackups\Game Build(10487514) 27 Oct 25 (22 36 33).log","6915","Lt_Crosby","ascik","klwe_pistol_energy_01_7063114762019","<2025-10-28T06:40:17.341Z> [Notice] <Actor Death> CActor::Kill: 'Lt_Crosby' [5566542605615] in zone 'stanton4' killed by 'ascik' [2819937354859] using 'klwe_pistol_energy_01_7063114762019' [Class klwe_pistol_energy_01] with damage type 'Bullet' from direction x: 0.388826, y: 0.612939, z: 0.687837 [Team_ActorTech][Actor]"
"2025-10-28T06:41:16.610Z","C:\Program Files\Roberts Space Industries\StarCitizen\LIVE\logbackups\Game Build(10487514) 27 Oct 25 (22 36 33).log","7016","Lt_Crosby","happyham","klwe_rifle_energy_01_gold01_7063114762669","<2025-10-28T06:41:16.610Z> [Notice] <Actor Death> CActor::Kill: 'Lt_Crosby' [5566542605615] in zone 'stanton4' killed by 'happyham' [6155181452095] using 'klwe_rifle_energy_01_gold01_7063114762669' [Class klwe_rifle_energy_01_gold01] with damage type 'Bullet' from direction x: -0.344640, y: -0.180063, z: 0.921304 [Team_ActorTech][Actor]"
"2025-10-28T06:41:53.125Z","C:\Program Files\Roberts Space Industries\StarCitizen\LIVE\logbackups\Game Build(10487514) 27 Oct 25 (22 36 33).log","7099","Lt_Crosby","MontuBlack","klwe_lmg_energy_01_purple_blue01_7063114762910","<2025-10-28T06:41:53.125Z> [Notice] <Actor Death> CActor::Kill: 'Lt_Crosby' [5566542605615] in zone 'stanton4' killed by 'MontuBlack' [202153874645] using 'klwe_lmg_energy_01_purple_blue01_7063114762910' [Class klwe_lmg_energy_01_purple_blue01] with damage type 'Bullet' from direction x: -0.674268, y: -0.738239, z: -0.019126 [Team_ActorTech][Actor]"
"2025-10-28T06:44:12.044Z","C:\Program Files\Roberts Space Industries\StarCitizen\LIVE\logbackups\Game Build(10487514) 27 Oct 25 (22 36 33).log","7461","Lt_Crosby","happyham","none_lmg_ballistic_01_store01_7063264849914","<2025-10-28T06:44:12.044Z> [Notice] <Actor Death> CActor::Kill: 'Lt_Crosby' [5566542605615] in zone 'stanton1' killed by 'happyham' [6155181452095] using 'none_lmg_ballistic_01_store01_7063264849914' [Class none_lmg_ballistic_01_store01] with damage type 'Bullet' from direction x: -0.961010, y: -0.203373, z: -0.187350 [Team_ActorTech][Actor]"
"2025-10-28T06:44:43.439Z","C:\Program Files\Roberts Space Industries\StarCitizen\LIVE\logbackups\Game Build(10487514) 27 Oct 25 (22 36 33).log","7489","Lt_Crosby","Astropnk","behr_rifle_ballistic_01_black02_7063264850013","<2025-10-28T06:44:43.439Z> [Notice] <Actor Death> CActor::Kill: 'Lt_Crosby' [5566542605615] in zone 'stanton1' killed by 'Astropnk' [202139714165] using 'behr_rifle_ballistic_01_black02_7063264850013' [Class behr_rifle_ballistic_01_black02] with damage type 'Bullet' from direction x: 0.843468, y: 0.534920, z: 0.049211 [Team_ActorTech][Actor]"
"2025-10-28T06:45:06.703Z","C:\Program Files\Roberts Space Industries\StarCitizen\LIVE\logbackups\Game Build(10487514) 27 Oct 25 (22 36 33).log","7509","Lt_Crosby","happyham","none_lmg_ballistic_01_store01_7063264850052","<2025-10-28T06:45:06.703Z> [Notice] <Actor Death> CActor::Kill: 'Lt_Crosby' [5566542605615] in zone 'stanton1' killed by 'happyham' [6155181452095] using 'none_lmg_ballistic_01_store01_7063264850052' [Class none_lmg_ballistic_01_store01] with damage type 'Bullet' from direction x: -0.896678, y: -0.432448, z: -0.094646 [Team_ActorTech][Actor]"
"2025-10-28T06:45:47.232Z","C:\Program Files\Roberts Space Industries\StarCitizen\LIVE\logbackups\Game Build(10487514) 27 Oct 25 (22 36 33).log","7531","Lt_Crosby","Mabulala","none_shotgun_ballistic_01_7063264850112","<2025-10-28T06:45:47.232Z> [Notice] <Actor Death> CActor::Kill: 'Lt_Crosby' [5566542605615] in zone 'stanton1' killed by 'Mabulala' [6861550266182] using 'none_shotgun_ballistic_01_7063264850112' [Class none_shotgun_ballistic_01] with damage type 'Bullet' from direction x: 0.882437, y: 0.470258, z: -0.012725 [Team_ActorTech][Actor]"
"2025-10-28T06:46:15.848Z","C:\Program Files\Roberts Space Industries\StarCitizen\LIVE\logbackups\Game Build(10487514) 27 Oct 25 (22 36 33).log","7558","Lt_Crosby","Jettt","none_lmg_ballistic_01_store01_7063264850048","<2025-10-28T06:46:15.848Z> [Notice] <Actor Death> CActor::Kill: 'Lt_Crosby' [5566542605615] in zone 'stanton1' killed by 'Jettt' [200146294333] using 'none_lmg_ballistic_01_store01_7063264850048' [Class none_lmg_ballistic_01_store01] with damage type 'Bullet' from direction x: -0.571170, y: -0.820804, z: 0.006730 [Team_ActorTech][Actor]"
"2025-10-28T06:47:10.036Z","C:\Program Files\Roberts Space Industries\StarCitizen\LIVE\logbackups\Game Build(10487514) 27 Oct 25 (22 36 33).log","7637","Lt_Crosby","MontuBlack","klwe_lmg_energy_01_purple_blue01_7063264850287","<2025-10-28T06:47:10.036Z> [Notice] <Actor Death> CActor::Kill: 'Lt_Crosby' [5566542605615] in zone 'stanton1' killed by 'MontuBlack' [202153874645] using 'klwe_lmg_energy_01_purple_blue01_7063264850287' [Class klwe_lmg_energy_01_purple_blue01] with damage type 'Bullet' from direction x: 0.571895, y: 0.819871, z: -0.027319 [Team_ActorTech][Actor]"
"2025-10-28T06:47:52.035Z","C:\Program Files\Roberts Space Industries\StarCitizen\LIVE\logbackups\Game Build(10487514) 27 Oct 25 (22 36 33).log","7671","Lt_Crosby","Jettt","none_lmg_ballistic_01_store01_7063264850371","<2025-10-28T06:47:52.035Z> [Notice] <Actor Death> CActor::Kill: 'Lt_Crosby' [5566542605615] in zone 'stanton1' killed by 'Jettt' [200146294333] using 'none_lmg_ballistic_01_store01_7063264850371' [Class none_lmg_ballistic_01_store01] with damage type 'Bullet' from direction x: 0.502029, y: -0.850231, z: 0.158347 [Team_ActorTech][Actor]"
"2025-10-28T06:48:22.443Z","C:\Program Files\Roberts Space Industries\StarCitizen\LIVE\logbackups\Game Build(10487514) 27 Oct 25 (22 36 33).log","7699","Lt_Crosby","MontuBlack","klwe_lmg_energy_01_purple_blue01_7063264850422","<2025-10-28T06:48:22.443Z> [Notice] <Actor Death> CActor::Kill: 'Lt_Crosby' [5566542605615] in zone 'stanton1' killed by 'MontuBlack' [202153874645] using 'klwe_lmg_energy_01_purple_blue01_7063264850422' [Class klwe_lmg_energy_01_purple_blue01] with damage type 'Bullet' from direction x: 0.007854, y: -0.993076, z: 0.117207 [Team_ActorTech][Actor]"
"2025-10-28T06:48:55.278Z","C:\Program Files\Roberts Space Industries\StarCitizen\LIVE\logbackups\Game Build(10487514) 27 Oct 25 (22 36 33).log","7722","Lt_Crosby","MontuBlack","klwe_lmg_energy_01_purple_blue01_7063264850481","<2025-10-28T06:48:55.278Z> [Notice] <Actor Death> CActor::Kill: 'Lt_Crosby' [5566542605615] in zone 'stanton1' killed by 'MontuBlack' [202153874645] using 'klwe_lmg_energy_01_purple_blue01_7063264850481' [Class klwe_lmg_energy_01_purple_blue01] with damage type 'Bullet' from direction x: -0.748804, y: -0.662239, z: -0.027049 [Team_ActorTech][Actor]"
"2025-10-28T06:49:24.932Z","C:\Program Files\Roberts Space Industries\StarCitizen\LIVE\logbackups\Game Build(10487514) 27 Oct 25 (22 36 33).log","7749","Lt_Crosby","MontuBlack","klwe_lmg_energy_01_purple_blue01_7063264850540","<2025-10-28T06:49:24.932Z> [Notice] <Actor Death> CActor::Kill: 'Lt_Crosby' [5566542605615] in zone 'stanton1' killed by 'MontuBlack' [202153874645] using 'klwe_lmg_energy_01_purple_blue01_7063264850540' [Class klwe_lmg_energy_01_purple_blue01] with damage type 'Bullet' from direction x: 0.915952, y: 0.395277, z: 0.069193 [Team_ActorTech][Actor]"
"2025-10-28T06:50:07.512Z","C:\Program Files\Roberts Space Industries\StarCitizen\LIVE\logbackups\Game Build(10487514) 27 Oct 25 (22 36 33).log","7775","Lt_Crosby","Astropnk","behr_rifle_ballistic_01_black02_7063264850568","<2025-10-28T06:50:07.512Z> [Notice] <Actor Death> CActor::Kill: 'Lt_Crosby' [5566542605615] in zone 'stanton1' killed by 'Astropnk' [202139714165] using 'behr_rifle_ballistic_01_black02_7063264850568' [Class behr_rifle_ballistic_01_black02] with damage type 'Bullet' from direction x: -0.978769, y: 0.002739, z: -0.204950 [Team_ActorTech][Actor]"
"2025-10-28T06:50:31.638Z","C:\Program Files\Roberts Space Industries\StarCitizen\LIVE\logbackups\Game Build(10487514) 27 Oct 25 (22 36 33).log","7797","Lt_Crosby","MontuBlack","klwe_lmg_energy_01_purple_blue01_7063264850652","<2025-10-28T06:50:31.638Z> [Notice] <Actor Death> CActor::Kill: 'Lt_Crosby' [5566542605615] in zone 'stanton1' killed by 'MontuBlack' [202153874645] using 'klwe_lmg_energy_01_purple_blue01_7063264850652' [Class klwe_lmg_energy_01_purple_blue01] with damage type 'Bullet' from direction x: 0.665743, y: 0.746176, z: -0.002855 [Team_ActorTech][Actor]"
"2025-10-28T06:50:54.342Z","C:\Program Files\Roberts Space Industries\StarCitizen\LIVE\logbackups\Game Build(10487514) 27 Oct 25 (22 36 33).log","7817","Lt_Crosby","Jettt","none_lmg_ballistic_01_store01_7063264850585","<2025-10-28T06:50:54.342Z> [Notice] <Actor Death> CActor::Kill: 'Lt_Crosby' [5566542605615] in zone 'stanton1' killed by 'Jettt' [200146294333] using 'none_lmg_ballistic_01_store01_7063264850585' [Class none_lmg_ballistic_01_store01] with damage type 'Bullet' from direction x: 0.590788, y: 0.806646, z: -0.017067 [Team_ActorTech][Actor]"
"2025-10-28T06:51:23.581Z","C:\Program Files\Roberts Space Industries\StarCitizen\LIVE\logbackups\Game Build(10487514) 27 Oct 25 (22 36 33).log","7845","Lt_Crosby","MontuBlack","klwe_lmg_energy_01_purple_blue01_7063264850759","<2025-10-28T06:51:23.581Z> [Notice] <Actor Death> CActor::Kill: 'Lt_Crosby' [5566542605615] in zone 'stanton1' killed by 'MontuBlack' [202153874645] using 'klwe_lmg_energy_01_purple_blue01_7063264850759' [Class klwe_lmg_energy_01_purple_blue01] with damage type 'Bullet' from direction x: 0.902423, y: -0.385023, z: 0.193365 [Team_ActorTech][Actor]"
"2025-11-06T08:36:25.258Z","C:\Program Files\Roberts Space Industries\StarCitizen\LIVE\logbackups\Game Build(10591185) 05 Nov 25 (22 51 00).log","9531","Lt_Crosby","Lt_Crosby","Lt_Crosby","<2025-11-06T08:36:25.258Z> [Notice] <Actor Death> CActor::Kill: 'Lt_Crosby' [5566542605615] in zone 'SolarSystem_6903330444246' killed by 'Lt_Crosby' [5566542605615] using 'Lt_Crosby' [Class Player] with damage type 'Suicide' from direction x: 0.000000, y: 0.000000, z: 0.000000 [Team_ActorTech][Actor]"
"2025-11-09T05:55:52.330Z","C:\Program Files\Roberts Space Industries\StarCitizen\LIVE\logbackups\Game Build(10591185) 08 Nov 25 (16 25 31).log","19972","Lt_Crosby","Lt_Crosby","Lt_Crosby","<2025-11-09T05:55:52.330Z> [Notice] <Actor Death> CActor::Kill: 'Lt_Crosby' [5566542605615] in zone 'OOC_Stanton_2b_Daymar' killed by 'Lt_Crosby' [5566542605615] using 'Lt_Crosby' [Class Player] with damage type 'Suicide' from direction x: 0.000000, y: 0.000000, z: 0.000000 [Team_ActorTech][Actor]"
"2025-11-09T06:16:45.216Z","C:\Program Files\Roberts Space Industries\StarCitizen\LIVE\logbackups\Game Build(10591185) 08 Nov 25 (21 57 28).log","1762","Lt_Crosby","Lt_Crosby","unknown","<2025-11-09T06:16:45.216Z> [Notice] <Actor Death> CActor::Kill: 'Lt_Crosby' [5566542605615] in zone 'ANVL_Hornet_F7CS_Mk2_7281911799806' killed by 'Lt_Crosby' [5566542605615] using 'unknown' [Class unknown] with damage type 'Crash' from direction x: 0.000000, y: 0.000000, z: 0.000000 [Team_ActorTech][Actor]"
"2025-11-09T06:55:37.838Z","C:\Program Files\Roberts Space Industries\StarCitizen\LIVE\logbackups\Game Build(10591185) 08 Nov 25 (21 57 28).log","6821","Lt_Crosby","Lt_Crosby","Lt_Crosby","<2025-11-09T06:55:37.838Z> [Notice] <Actor Death> CActor::Kill: 'Lt_Crosby' [5566542605615] in zone 'ab_mine_stanton2_med_005' killed by 'Lt_Crosby' [5566542605615] using 'Lt_Crosby' [Class Player] with damage type 'Suicide' from direction x: 0.000000, y: 0.000000, z: 0.000000 [Team_ActorTech][Actor]"
"2025-11-09T07:03:51.513Z","C:\Program Files\Roberts Space Industries\StarCitizen\LIVE\logbackups\Game Build(10591185) 08 Nov 25 (21 57 28).log","10934","Lt_Crosby","Lt_Crosby","Lt_Crosby","<2025-11-09T07:03:51.513Z> [Notice] <Actor Death> CActor::Kill: 'Lt_Crosby' [5566542605615] in zone 'ab_mine_stanton2_med_005' killed by 'Lt_Crosby' [5566542605615] using 'Lt_Crosby' [Class Player] with damage type 'Suicide' from direction x: 0.000000, y: 0.000000, z: 0.000000 [Team_ActorTech][Actor]"
"2025-11-09T07:15:03.623Z","C:\Program Files\Roberts Space Industries\StarCitizen\LIVE\logbackups\Game Build(10591185) 08 Nov 25 (21 57 28).log","12321","Lt_Crosby","Lt_Crosby","Lt_Crosby","<2025-11-09T07:15:03.623Z> [Notice] <Actor Death> CActor::Kill: 'Lt_Crosby' [5566542605615] in zone 'MRAI_Guardian_7281911814911' killed by 'Lt_Crosby' [5566542605615] using 'Lt_Crosby' [Class Player] with damage type 'Suicide' from direction x: 0.000000, y: 0.000000, z: 0.000000 [Team_ActorTech][Actor]"
"2025-11-09T07:23:44.814Z","C:\Program Files\Roberts Space Industries\StarCitizen\LIVE\logbackups\Game Build(10591185) 08 Nov 25 (21 57 28).log","13294","Lt_Crosby","Lt_Crosby","Lt_Crosby","<2025-11-09T07:23:44.814Z> [Notice] <Actor Death> CActor::Kill: 'Lt_Crosby' [5566542605615] in zone 'ab_mine_stanton2_med_005' killed by 'Lt_Crosby' [5566542605615] using 'Lt_Crosby' [Class Player] with damage type 'Suicide' from direction x: 0.000000, y: 0.000000, z: 0.000000 [Team_ActorTech][Actor]"
"2025-11-09T07:31:24.314Z","C:\Program Files\Roberts Space Industries\StarCitizen\LIVE\logbackups\Game Build(10591185) 08 Nov 25 (21 57 28).log","14120","Lt_Crosby","Lt_Crosby","Lt_Crosby","<2025-11-09T07:31:24.314Z> [Notice] <Actor Death> CActor::Kill: 'Lt_Crosby' [5566542605615] in zone 'ab_mine_stanton2_med_005' killed by 'Lt_Crosby' [5566542605615] using 'Lt_Crosby' [Class Player] with damage type 'Suicide' from direction x: 0.000000, y: 0.000000, z: 0.000000 [Team_ActorTech][Actor]"
"2025-11-09T07:36:48.380Z","C:\Program Files\Roberts Space Industries\StarCitizen\LIVE\logbackups\Game Build(10591185) 08 Nov 25 (21 57 28).log","14727","Lt_Crosby","Lt_Crosby","Lt_Crosby","<2025-11-09T07:36:48.380Z> [Notice] <Actor Death> CActor::Kill: 'Lt_Crosby' [5566542605615] in zone 'ab_mine_stanton2_med_005' killed by 'Lt_Crosby' [5566542605615] using 'Lt_Crosby' [Class Player] with damage type 'Suicide' from direction x: 0.000000, y: 0.000000, z: 0.000000 [Team_ActorTech][Actor]"
"2025-11-09T20:48:43.965Z","C:\Program Files\Roberts Space Industries\StarCitizen\LIVE\logbackups\Game Build(10591185) 09 Nov 25 (10 02 28).log","8765","Lt_Crosby","Lt_Crosby","Lt_Crosby","<2025-11-09T20:48:43.965Z> [Notice] <Actor Death> CActor::Kill: 'Lt_Crosby' [5566542605615] in zone 'pyro4' killed by 'Lt_Crosby' [5566542605615] using 'Lt_Crosby' [Class Player] with damage type 'Suicide' from direction x: 0.000000, y: 0.000000, z: 0.000000 [Team_ActorTech][Actor]"
"2025-11-09T22:51:12.132Z","C:\Program Files\Roberts Space Industries\StarCitizen\LIVE\logbackups\Game Build(10591185) 09 Nov 25 (14 40 34).log","1794","Lt_Crosby","Lt_Crosby","Lt_Crosby","<2025-11-09T22:51:12.132Z> [Notice] <Actor Death> CActor::Kill: 'Lt_Crosby' [5566542605615] in zone 'rs_int_p5l2' killed by 'Lt_Crosby' [5566542605615] using 'Lt_Crosby' [Class Player] with damage type 'Suicide' from direction x: 0.000000, y: 0.000000, z: 0.000000 [Team_ActorTech][Actor]"
"2025-11-10T05:37:31.510Z","C:\Program Files\Roberts Space Industries\StarCitizen\LIVE\logbackups\Game Build(10591185) 09 Nov 25 (20 36 57).log","8260","Lt_Crosby","Lt_Crosby","Lt_Crosby","<2025-11-10T05:37:31.510Z> [Notice] <Actor Death> CActor::Kill: 'Lt_Crosby' [5566542605615] in zone 'OOC_Stanton_4a_Calliope' killed by 'Lt_Crosby' [5566542605615] using 'Lt_Crosby' [Class Player] with damage type 'Suicide' from direction x: 0.000000, y: 0.000000, z: 0.000000 [Team_ActorTech][Actor]"
"2025-11-10T05:49:11.812Z","C:\Program Files\Roberts Space Industries\StarCitizen\LIVE\logbackups\Game Build(10591185) 09 Nov 25 (20 36 57).log","9113","Lt_Crosby","Lt_Crosby","unknown","<2025-11-10T05:49:11.812Z> [Notice] <Actor Death> CActor::Kill: 'Lt_Crosby' [5566542605615] in zone 'GAMA_Syulen_Exec_Stealth_6791229774398' killed by 'Lt_Crosby' [5566542605615] using 'unknown' [Class unknown] with damage type 'Crash' from direction x: 0.000000, y: 0.000000, z: 0.000000 [Team_ActorTech][Actor]"
"2025-11-14T06:26:50.305Z","C:\Program Files\Roberts Space Industries\StarCitizen\LIVE\logbackups\Game Build(10591185) 13 Nov 25 (21 25 04).log","5637","Lt_Crosby","Lt_Crosby","Lt_Crosby","<2025-11-14T06:26:50.305Z> [Notice] <Actor Death> CActor::Kill: 'Lt_Crosby' [5566542605615] in zone 'OOC_Stanton_1a_Ariel' killed by 'Lt_Crosby' [5566542605615] using 'Lt_Crosby' [Class Player] with damage type 'Suicide' from direction x: 0.000000, y: 0.000000, z: 0.000000 [Team_ActorTech][Actor]"
"2025-11-15T04:37:19.324Z","C:\Program Files\Roberts Space Industries\StarCitizen\LIVE\logbackups\Game Build(10591185) 14 Nov 25 (19 54 48).log","3883","Lt_Crosby","Lt_Crosby","Lt_Crosby","<2025-11-15T04:37:19.324Z> [Notice] <Actor Death> CActor::Kill: 'Lt_Crosby' [5566542605615] in zone 'SolarSystem_6903714444438' killed by 'Lt_Crosby' [5566542605615] using 'Lt_Crosby' [Class Player] with damage type 'Suicide' from direction x: 0.000000, y: 0.000000, z: 0.000000 [Team_ActorTech][Actor]"
"2025-11-15T04:57:32.627Z","C:\Program Files\Roberts Space Industries\StarCitizen\LIVE\logbackups\Game Build(10591185) 14 Nov 25 (19 54 48).log","4778","Lt_Crosby","Lt_Crosby","unknown","<2025-11-15T04:57:32.627Z> [Notice] <Actor Death> CActor::Kill: 'Lt_Crosby' [5566542605615] in zone 'ANVL_Hornet_F7CS_Mk2_7441888659619' killed by 'Lt_Crosby' [5566542605615] using 'unknown' [Class unknown] with damage type 'SelfDestruct' from direction x: 0.000000, y: 0.000000, z: 0.000000 [Team_ActorTech][Actor]"
"2025-11-15T20:42:04.491Z","C:\Program Files\Roberts Space Industries\StarCitizen\LIVE\logbackups\Game Build(10591185) 15 Nov 25 (09 39 37).log","16551","Lt_Crosby","Lt_Crosby","Lt_Crosby","<2025-11-15T20:42:04.491Z> [Notice] <Actor Death> CActor::Kill: 'Lt_Crosby' [5566542605615] in zone 'ObjectContainer-ugf_lta_a_0004' killed by 'Lt_Crosby' [5566542605615] using 'Lt_Crosby' [Class Player] with damage type 'Suicide' from direction x: 0.000000, y: 0.000000, z: 0.000000 [Team_ActorTech][Actor]"
"2025-11-15T21:58:55.538Z","C:\Program Files\Roberts Space Industries\StarCitizen\LIVE\logbackups\Game Build(10591185) 15 Nov 25 (09 39 37).log","32802","Lt_Crosby","Lt_Crosby","Lt_Crosby","<2025-11-15T21:58:55.538Z> [Notice] <Actor Death> CActor::Kill: 'Lt_Crosby' [5566542605615] in zone 'OOC_Stanton_1a_Ariel' killed by 'Lt_Crosby' [5566542605615] using 'Lt_Crosby' [Class Player] with damage type 'Suicide' from direction x: 0.000000, y: 0.000000, z: 0.000000 [Team_ActorTech][Actor]"
"2025-11-15T22:46:55.057Z","C:\Program Files\Roberts Space Industries\StarCitizen\LIVE\logbackups\Game Build(10591185) 15 Nov 25 (09 39 37).log","36843","Lt_Crosby","Lt_Crosby","Lt_Crosby","<2025-11-15T22:46:55.057Z> [Notice] <Actor Death> CActor::Kill: 'Lt_Crosby' [5566542605615] in zone 'ObjectContainer-ugf_lta_a_0004' killed by 'Lt_Crosby' [5566542605615] using 'Lt_Crosby' [Class Player] with damage type 'Suicide' from direction x: 0.000000, y: 0.000000, z: 0.000000 [Team_ActorTech][Actor]"
"2025-11-15T23:59:03.952Z","C:\Program Files\Roberts Space Industries\StarCitizen\LIVE\logbackups\Game Build(10591185) 15 Nov 25 (09 39 37).log","57781","Lt_Crosby","Lt_Crosby","Lt_Crosby","<2025-11-15T23:59:03.952Z> [Notice] <Actor Death> CActor::Kill: 'Lt_Crosby' [5566542605615] in zone 'ab_mine_stanton1_med_002' killed by 'Lt_Crosby' [5566542605615] using 'Lt_Crosby' [Class Player] with damage type 'Suicide' from direction x: 0.000000, y: 0.000000, z: 0.000000 [Team_ActorTech][Actor]"
"2025-11-16T06:15:59.992Z","C:\Program Files\Roberts Space Industries\StarCitizen\LIVE\logbackups\Game Build(10591185) 15 Nov 25 (21 00 45).log","8659","Lt_Crosby","Lt_Crosby","Lt_Crosby","<2025-11-16T06:15:59.992Z> [Notice] <Actor Death> CActor::Kill: 'Lt_Crosby' [5566542605615] in zone 'ab_mine_stanton1_med_007' killed by 'Lt_Crosby' [5566542605615] using 'Lt_Crosby' [Class Player] with damage type 'Suicide' from direction x: 0.000000, y: 0.000000, z: 0.000000 [Team_ActorTech][Actor]"
"2025-11-17T05:46:01.785Z","C:\Program Files\Roberts Space Industries\StarCitizen\LIVE\logbackups\Game Build(10591185) 16 Nov 25 (20 47 56).log","5426","Lt_Crosby","Lt_Crosby","unknown","<2025-11-17T05:46:01.785Z> [Notice] <Actor Death> CActor::Kill: 'Lt_Crosby' [5566542605615] in zone 'Hangar_MediumFront_RestStop_7560563657249' killed by 'Lt_Crosby' [5566542605615] using 'unknown' [Class unknown] with damage type 'SelfDestruct' from direction x: 0.000000, y: 0.000000, z: 0.000000 [Team_ActorTech][Actor]"
"2025-11-18T04:45:14.336Z","C:\Program Files\Roberts Space Industries\StarCitizen\LIVE\logbackups\Game Build(10591185) 17 Nov 25 (20 29 09).log","3818","Lt_Crosby","Lt_Crosby","Lt_Crosby","<2025-11-18T04:45:14.336Z> [Notice] <Actor Death> CActor::Kill: 'Lt_Crosby' [5566542605615] in zone 'SolarSystem_6903330444246' killed by 'Lt_Crosby' [5566542605615] using 'Lt_Crosby' [Class Player] with damage type 'Suicide' from direction x: 0.000000, y: 0.000000, z: 0.000000 [Team_ActorTech][Actor]"
"2025-11-18T15:38:31.605Z","C:\Program Files\Roberts Space Industries\StarCitizen\LIVE\logbackups\Game Build(10591185) 18 Nov 25 (07 34 53).log","1033","Lt_Crosby","Lt_Crosby","Lt_Crosby","<2025-11-18T15:38:31.605Z> [Notice] <Actor Death> CActor::Kill: 'Lt_Crosby' [5566542605615] in zone 'ObjectContainer_Entry' killed by 'Lt_Crosby' [5566542605615] using 'Lt_Crosby' [Class Player] with damage type 'Suicide' from direction x: 0.000000, y: 0.000000, z: 0.000000 [Team_ActorTech][Actor]"
"2025-11-19T05:48:00.639Z","C:\Program Files\Roberts Space Industries\StarCitizen\LIVE\logbackups\Game Build(10591185) 18 Nov 25 (20 55 37).log","6066","Lt_Crosby","Lt_Crosby","Lt_Crosby","<2025-11-19T05:48:00.639Z> [Notice] <Actor Death> CActor::Kill: 'Lt_Crosby' [5566542605615] in zone 'OOC_Stanton_1b_Aberdeen' killed by 'Lt_Crosby' [5566542605615] using 'Lt_Crosby' [Class Player] with damage type 'Suicide' from direction x: 0.000000, y: 0.000000, z: 0.000000 [Team_ActorTech][Actor]"
